Date,DATE,STA1,STA2,STA3,STA4,STA5,STA6,STA7,STA8,STA9,STA10,STA11,STA12,STA13,STA14,STA15,STA16,STA17,STA19,STA20,STA21,STAHQ
81202,1/1/2009,-99,10,-99,-99,-99,-99,-99,-99,21,-99,-99,-99,-99,-99,-99,-99,14,24,-99,-99,0
81208,1/2/2009,-99,10,-99,-99,-99,-99,-99,-99,14,-99,-99,-99,-99,-99,-99,-99,20,21,-99,-99,0
81215,1/3/2009,-99,13,-99,-99,-99,-99,-99,-99,23,-99,-99,-99,-99,-99,-99,-99,22,11,-99,-99,0
81223,1/4/2009,-99,23,-99,-99,-99,-99,-99,-99,27,-99,-99,-99,-99,-99,-99,-99,32,40,-99,-99,23
81229,1/5/2009,-99,25,-99,-99,-99,-99,-99,-99,17,-99,-99,-99,-99,-99,-99,-99,20,23,-99,-99,24
90105,1/6/2009,-99,22,-99,-99,-99,-99,-99,-99,27,-99,-99,-99,-99,-99,-99,-99,38,30,-99,-99,30
90112,1/7/2009,-99,37,-99,-99,-99,-99,-99,-99,25,-99,-99,-99,-99,-99,-99,-99,39,50,-99,-99,39
90120,1/8/2009,-99,35,-99,-99,-99,-99,-99,-99,26,-99,-99,-99,-99,-99,-99,-99,53,51,-99,-99,35
90126,1/9/2009,-99,49,-99,-99,-99,-99,-99,-99,44,-99,-99,-99,-99,-99,-99,-99,51,48,-99,-99,47
90202,1/10/2009,-99,49,-99,-99,-99,-99,-99,-99,47,-99,-99,-99,-99,-99,-99,-99,60,68,-99,-99,51
90209,1/11/2009,-99,58,-99,-99,-99,-99,-99,-99,61,-99,-99,-99,-99,-99,-99,-99,63,57,-99,-99,61
90217,1/12/2009,-99,51,-99,-99,-99,-99,-99,-99,57,-99,-99,-99,-99,-99,-99,-99,59,60,-99,-99,52
90224,1/13/2009,-99,61,-99,-99,-99,-99,-99,-99,76,-99,-99,-99,-99,-99,-99,-99,81,88,-99,-99,53
90303,1/14/2009,-99,60,-99,-99,-99,-99,-99,-99,73,-99,-99,-99,-99,-99,-99,-99,70,86,-99,-99,46
90310,1/15/2009,-99,50,-99,-99,-99,-99,-99,-99,64,-99,-99,-99,-99,-99,-99,-99,83,86,-99,-99,36
90316,1/16/2009,-99,50,-99,-99,-99,-99,-99,-99,75,-99,-99,-99,-99,-99,-99,-99,121,101,-99,-99,6
90323,1/17/2009,-99,44,-99,-99,-99,-99,-99,-99,61,-99,-99,-99,-99,-99,-99,-99,112,94,-99,-99,0
90330,1/18/2009,-99,32,-99,-99,-99,-99,-99,-99,46,-99,-99,-99,-99,-99,-99,-99,83,78,-99,-99,0
90406,1/19/2009,-99,0,-99,-99,-99,-99,-99,-99,34,-99,-99,-99,-99,-99,-99,-99,79,70,-99,-99,0
90413,1/20/2009,-99,0,-99,-99,-99,-99,-99,-99,0,-99,-99,-99,-99,-99,-99,-99,87,51,-99,-99,0
90420,1/21/2009,-99,0,-99,-99,-99,-99,-99,-99,0,-99,-99,-99,-99,-99,-99,-99,77,17,-99,-99,0
90427,1/22/2009,-99,0,-99,-99,-99,-99,-99,-99,0,-99,-99,-99,-99,-99,-99,-99,46,0,-99,-99,0
90504,1/23/2009,-99,0,-99,-99,-99,-99,-99,-99,0,-99,-99,-99,-99,-99,-99,-99,9,0,-99,-99,0
90511,1/24/2009,-99,0,-99,-99,-99,-99,-99,-99,0,-99,-99,-99,-99,-99,-99,-99,0,0,-99,-99,0
12/7/09,1/25/2009,-99,0,-99,-99,-99,-99,-99,-99,0,-99,-99,-99,-99,-99,-99,-99,0,0,-99,-99,0
12/16/09,1/26/2009,-99,22,-99,-99,-99,-99,-99,-99,24,-99,-99,-99,-99,-99,-99,-99,21,21,-99,-99,9
12/21/09,1/27/2009,-99,21,-99,-99,-99,-99,-99,-99,20,-99,-99,-99,-99,-99,-99,-99,12,16,-99,-99,8
12/28/09,1/28/2009,-99,19,-99,-99,-99,-99,-99,-99,25,-99,-99,-99,-99,-99,-99,-99,21,12,-99,-99,15
1/6/10,1/29/2009,-99,29,-99,-99,-99,-99,-99,-99,32,-99,-99,-99,-99,-99,-99,-99,21,39,-99,-99,13
1/11/10,1/30/2009,-99,30,-99,-99,-99,-99,-99,-99,33,-99,-99,-99,-99,-99,-99,-99,22,38,-99,-99,13
100119,1/31/2009,-99,37,-99,-99,-99,-99,-99,-99,40,-99,-99,-99,-99,-99,-99,-99,19,23,-99,-99,20
1/26/10,2/1/2009,-99,35,-99,-99,-99,-99,-99,-99,37,-99,-99,-99,-99,-99,-99,-99,20,36,-99,-99,20
2/1/10,2/2/2009,-99,36,-99,-99,-99,-99,-99,-99,40,-99,-99,-99,-99,-99,-99,-99,40,37,-99,-99,12
100208,2/3/2009,-99,34,-99,-99,-99,-99,-99,-99,38,-99,-99,-99,-99,-99,-99,-99,26,16,-99,-99,13
100215,2/4/2009,-99,31,-99,-99,-99,-99,-99,-99,38,-99,-99,-99,-99,-99,-99,-99,27,23,-99,-99,8
100222,2/5/2009,-99,32,-99,-99,-99,-99,-99,-99,44,-99,-99,-99,-99,-99,-99,-99,33,42,-99,-99,13
100302,2/6/2009,-99,49,-99,-99,-99,-99,-99,-99,56,-99,-99,-99,-99,-99,-99,-99,57,58,-99,-99,7
100308,2/7/2009,-99,32,-99,-99,-99,-99,-99,-99,58,-99,-99,-99,-99,-99,-99,-99,57,52,-99,-99,0
100316,2/8/2009,-99,13,-99,-99,-99,-99,-99,-99,45,-99,-99,-99,-99,-99,-99,-99,47,29,-99,-99,0
100322,2/9/2009,-99,0,-99,-99,-99,-99,-99,-99,10,-99,-99,-99,-99,-99,-99,-99,48,16,-99,-99,0
100331,2/10/2009,-99,0,-99,-99,-99,-99,-99,-99,0,-99,-99,-99,-99,-99,-99,-99,41,0,-99,-99,0
100405,2/11/2009,-99,0,-99,-99,-99,-99,-99,-99,0,-99,-99,-99,-99,-99,-99,-99,0,0,-99,-99,0
101229,2/12/2009,-99,20,-99,-99,-99,-99,-99,-99,17,-99,-99,-99,-99,-99,-99,-99,9,15,-99,-99,5
110104,2/13/2009,-99,0,-99,-99,-99,-99,-99,-99,0,-99,-99,-99,-99,-99,-99,-99,0,0,-99,-99,0
110110,2/14/2009,-99,0,-99,-99,-99,-99,-99,-99,0,-99,-99,-99,-99,-99,-99,-99,0,0,-99,-99,0
110120,2/15/2009,-99,22,-99,-99,-99,-99,-99,-99,33,-99,-99,-99,-99,-99,-99,-99,13,13,-99,-99,24
110125,2/16/2009,-99,26,-99,-99,-99,-99,-99,-99,36,-99,-99,-99,-99,-99,-99,-99,18,22,-99,-99,26
110131,2/17/2009,-99,31,-99,-99,-99,-99,-99,-99,39,-99,-99,-99,-99,-99,-99,-99,24,26,-99,-99,22
110207,2/18/2009,-99,46,-99,-99,-99,-99,-99,-99,54,-99,-99,-99,-99,-99,-99,-99,46,40,-99,-99,47
110214,2/19/2009,-99,49,-99,-99,-99,-99,-99,-99,65,-99,-99,-99,-99,-99,-99,-99,41,52,-99,-99,43
110222,2/20/2009,-99,44,-99,-99,-99,-99,-99,-99,75,-99,-99,-99,-99,-99,-99,-99,45,56,-99,-99,46
110301,2/21/2009,-99,60,-99,-99,-99,-99,-99,-99,97,-99,-99,-99,-99,-99,-99,-99,96,87,-99,-99,66
110308,2/22/2009,-99,46,-99,-99,-99,-99,-99,-99,84,-99,-99,-99,-99,-99,-99,-99,44,63,-99,-99,51
110314,2/23/2009,-99,65,-99,-99,-99,-99,-99,-99,87,-99,-99,-99,-99,-99,-99,-99,90,56,-99,-99,37
110321,2/24/2009,-99,48,-99,-99,-99,-99,-99,-99,68,-99,-99,-99,-99,-99,-99,-99,110,70,-99,-99,45
110328,2/25/2009,-99,52,-99,-99,-99,-99,-99,-99,91,-99,-99,-99,-99,-99,-99,-99,99,83,-99,-99,35
110406,2/26/2009,-99,56,-99,-99,-99,-99,-99,-99,109,-99,-99,-99,-99,-99,-99,-99,106,81,-99,-99,13
110412,2/27/2009,-99,0,-99,-99,-99,-99,-99,-99,59,-99,-99,-99,-99,-99,-99,-99,98,71,-99,-99,0
110418,2/28/2009,-99,0,-99,-99,-99,-99,-99,-99,33,-99,-99,-99,-99,-99,-99,-99,98,49,-99,-99,0
110425,3/1/2009,-99,0,-99,-99,-99,-99,-99,-99,0,-99,-99,-99,-99,-99,-99,-99,95,30,-99,-99,0
110502,3/2/2009,-99,0,-99,-99,-99,-99,-99,-99,0,-99,-99,-99,-99,-99,-99,-99,35,0,-99,-99,0
110510,3/3/2009,-99,0,-99,-99,-99,-99,-99,-99,0,-99,-99,-99,-99,-99,-99,-99,0,0,-99,-99,0
111227,3/4/2009,-99,0,-99,-99,-99,-99,-99,-99,0,-99,-99,-99,-99,-99,-99,-99,0,0,-99,-99,0
120103,3/5/2009,-99,0,-99,-99,-99,-99,-99,-99,0,-99,-99,-99,-99,-99,-99,-99,0,0,-99,-99,0
120109,3/6/2009,-99,0,-99,-99,-99,-99,-99,-99,0,-99,-99,-99,-99,-99,-99,-99,0,0,-99,-99,0
120118,3/7/2009,-99,9,-99,-99,-99,-99,-99,-99,17,-99,-99,-99,-99,-99,-99,-99,26,33,-99,-99,5
120123,3/8/2009,-99,12,-99,-99,-99,-99,-99,-99,15,-99,-99,-99,-99,-99,-99,-99,26,21,-99,-99,7
120130,3/9/2009,-99,21,-99,-99,-99,-99,-99,-99,29,-99,-99,-99,-99,-99,-99,-99,26,37,-99,-99,11
120206,3/10/2009,-99,16,-99,-99,-99,-99,-99,-99,25,-99,-99,-99,-99,-99,-99,-99,41,33,-99,-99,13
120213,3/11/2009,-99,19,-99,-99,-99,-99,-99,-99,30,-99,-99,-99,-99,-99,-99,-99,40,38,-99,-99,9
120221,3/12/2009,-99,19,-99,-99,-99,-99,-99,-99,37,-99,-99,-99,-99,-99,-99,-99,34,39,-99,-99,1
120227,3/13/2009,-99,27,-99,-99,-99,-99,-99,-99,36,-99,-99,-99,-99,-99,-99,-99,49,49,-99,-99,10
120306,3/14/2009,-99,36,-99,-99,-99,-99,-99,-99,50,-99,-99,-99,-99,-99,-99,-99,34,49,-99,-99,20
120312,3/15/2009,-99,34,-99,-99,-99,-99,-99,-99,39,-99,-99,-99,-99,-99,-99,-99,50,42,-99,-99,6
120319,3/16/2009,-99,0,-99,-99,-99,-99,-99,-99,4,-99,-99,-99,-99,-99,-99,-99,33,13,-99,-99,0
120326,3/17/2009,-99,0,-99,-99,-99,-99,-99,-99,0,-99,-99,-99,-99,-99,-99,-99,0,0,-99,-99,0
,3/18/2009,,,,,,,,,,,,,,,,,,,,,
,3/19/2009,,,,,,,,,,,,,,,,,,,,,
,3/20/2009,,,,,,,,,,,,,,,,,,,,,
,3/21/2009,,,,,,,,,,,,,,,,,,,,,
,3/22/2009,,,,,,,,,,,,,,,,,,,,,
,3/23/2009,,,,,,,,,,,,,,,,,,,,,
,3/24/2009,,,,,,,,,,,,,,,,,,,,,
,3/25/2009,,,,,,,,,,,,,,,,,,,,,
,3/26/2009,,,,,,,,,,,,,,,,,,,,,
,3/27/2009,,,,,,,,,,,,,,,,,,,,,
,3/28/2009,,,,,,,,,,,,,,,,,,,,,
,3/29/2009,,,,,,,,,,,,,,,,,,,,,
,3/30/2009,,,,,,,,,,,,,,,,,,,,,
,3/31/2009,,,,,,,,,,,,,,,,,,,,,
,4/1/2009,,,,,,,,,,,,,,,,,,,,,
,4/2/2009,,,,,,,,,,,,,,,,,,,,,
,4/3/2009,,,,,,,,,,,,,,,,,,,,,
,4/4/2009,,,,,,,,,,,,,,,,,,,,,
,4/5/2009,,,,,,,,,,,,,,,,,,,,,
,4/6/2009,,,,,,,,,,,,,,,,,,,,,
,4/7/2009,,,,,,,,,,,,,,,,,,,,,
,4/8/2009,,,,,,,,,,,,,,,,,,,,,
,4/9/2009,,,,,,,,,,,,,,,,,,,,,
,4/10/2009,,,,,,,,,,,,,,,,,,,,,
,4/11/2009,,,,,,,,,,,,,,,,,,,,,
,4/12/2009,,,,,,,,,,,,,,,,,,,,,
,4/13/2009,,,,,,,,,,,,,,,,,,,,,
,4/14/2009,,,,,,,,,,,,,,,,,,,,,
,4/15/2009,,,,,,,,,,,,,,,,,,,,,
,4/16/2009,,,,,,,,,,,,,,,,,,,,,
,4/17/2009,,,,,,,,,,,,,,,,,,,,,
,4/18/2009,,,,,,,,,,,,,,,,,,,,,
,4/19/2009,,,,,,,,,,,,,,,,,,,,,
,4/20/2009,,,,,,,,,,,,,,,,,,,,,
,4/21/2009,,,,,,,,,,,,,,,,,,,,,
,4/22/2009,,,,,,,,,,,,,,,,,,,,,
,4/23/2009,,,,,,,,,,,,,,,,,,,,,
,4/24/2009,,,,,,,,,,,,,,,,,,,,,
,4/25/2009,,,,,,,,,,,,,,,,,,,,,
,4/26/2009,,,,,,,,,,,,,,,,,,,,,
,4/27/2009,,,,,,,,,,,,,,,,,,,,,
,4/28/2009,,,,,,,,,,,,,,,,,,,,,
,4/29/2009,,,,,,,,,,,,,,,,,,,,,
,4/30/2009,,,,,,,,,,,,,,,,,,,,,
,5/1/2009,,,,,,,,,,,,,,,,,,,,,
,5/2/2009,,,,,,,,,,,,,,,,,,,,,
,5/3/2009,,,,,,,,,,,,,,,,,,,,,
,5/4/2009,,,,,,,,,,,,,,,,,,,,,
,5/5/2009,,,,,,,,,,,,,,,,,,,,,
,5/6/2009,,,,,,,,,,,,,,,,,,,,,
,5/7/2009,,,,,,,,,,,,,,,,,,,,,
,5/8/2009,,,,,,,,,,,,,,,,,,,,,
,5/9/2009,,,,,,,,,,,,,,,,,,,,,
,5/10/2009,,,,,,,,,,,,,,,,,,,,,
,5/11/2009,,,,,,,,,,,,,,,,,,,,,
,5/12/2009,,,,,,,,,,,,,,,,,,,,,
,5/13/2009,,,,,,,,,,,,,,,,,,,,,
,5/14/2009,,,,,,,,,,,,,,,,,,,,,
,5/15/2009,,,,,,,,,,,,,,,,,,,,,
,5/16/2009,,,,,,,,,,,,,,,,,,,,,
,5/17/2009,,,,,,,,,,,,,,,,,,,,,
,5/18/2009,,,,,,,,,,,,,,,,,,,,,
,5/19/2009,,,,,,,,,,,,,,,,,,,,,
,5/20/2009,,,,,,,,,,,,,,,,,,,,,
,5/21/2009,,,,,,,,,,,,,,,,,,,,,
,5/22/2009,,,,,,,,,,,,,,,,,,,,,
,5/23/2009,,,,,,,,,,,,,,,,,,,,,
,5/24/2009,,,,,,,,,,,,,,,,,,,,,
,5/25/2009,,,,,,,,,,,,,,,,,,,,,
,5/26/2009,,,,,,,,,,,,,,,,,,,,,
,5/27/2009,,,,,,,,,,,,,,,,,,,,,
,5/28/2009,,,,,,,,,,,,,,,,,,,,,
,5/29/2009,,,,,,,,,,,,,,,,,,,,,
,5/30/2009,,,,,,,,,,,,,,,,,,,,,
,5/31/2009,,,,,,,,,,,,,,,,,,,,,
,6/1/2009,,,,,,,,,,,,,,,,,,,,,
,6/2/2009,,,,,,,,,,,,,,,,,,,,,
,6/3/2009,,,,,,,,,,,,,,,,,,,,,
,6/4/2009,,,,,,,,,,,,,,,,,,,,,
,6/5/2009,,,,,,,,,,,,,,,,,,,,,
,6/6/2009,,,,,,,,,,,,,,,,,,,,,
,6/7/2009,,,,,,,,,,,,,,,,,,,,,
,6/8/2009,,,,,,,,,,,,,,,,,,,,,
,6/9/2009,,,,,,,,,,,,,,,,,,,,,
,6/10/2009,,,,,,,,,,,,,,,,,,,,,
,6/11/2009,,,,,,,,,,,,,,,,,,,,,
,6/12/2009,,,,,,,,,,,,,,,,,,,,,
,6/13/2009,,,,,,,,,,,,,,,,,,,,,
,6/14/2009,,,,,,,,,,,,,,,,,,,,,
,6/15/2009,,,,,,,,,,,,,,,,,,,,,
,6/16/2009,,,,,,,,,,,,,,,,,,,,,
,6/17/2009,,,,,,,,,,,,,,,,,,,,,
,6/18/2009,,,,,,,,,,,,,,,,,,,,,
,6/19/2009,,,,,,,,,,,,,,,,,,,,,
,6/20/2009,,,,,,,,,,,,,,,,,,,,,
,6/21/2009,,,,,,,,,,,,,,,,,,,,,
,6/22/2009,,,,,,,,,,,,,,,,,,,,,
,6/23/2009,,,,,,,,,,,,,,,,,,,,,
,6/24/2009,,,,,,,,,,,,,,,,,,,,,
,6/25/2009,,,,,,,,,,,,,,,,,,,,,
,6/26/2009,,,,,,,,,,,,,,,,,,,,,
,6/27/2009,,,,,,,,,,,,,,,,,,,,,
,6/28/2009,,,,,,,,,,,,,,,,,,,,,
,6/29/2009,,,,,,,,,,,,,,,,,,,,,
,6/30/2009,,,,,,,,,,,,,,,,,,,,,
,7/1/2009,,,,,,,,,,,,,,,,,,,,,
,7/2/2009,,,,,,,,,,,,,,,,,,,,,
,7/3/2009,,,,,,,,,,,,,,,,,,,,,
,7/4/2009,,,,,,,,,,,,,,,,,,,,,
,7/5/2009,,,,,,,,,,,,,,,,,,,,,
,7/6/2009,,,,,,,,,,,,,,,,,,,,,
,7/7/2009,,,,,,,,,,,,,,,,,,,,,
,7/8/2009,,,,,,,,,,,,,,,,,,,,,
,7/9/2009,,,,,,,,,,,,,,,,,,,,,
,7/10/2009,,,,,,,,,,,,,,,,,,,,,
,7/11/2009,,,,,,,,,,,,,,,,,,,,,
,7/12/2009,,,,,,,,,,,,,,,,,,,,,
,7/13/2009,,,,,,,,,,,,,,,,,,,,,
,7/14/2009,,,,,,,,,,,,,,,,,,,,,
,7/15/2009,,,,,,,,,,,,,,,,,,,,,
,7/16/2009,,,,,,,,,,,,,,,,,,,,,
,7/17/2009,,,,,,,,,,,,,,,,,,,,,
,7/18/2009,,,,,,,,,,,,,,,,,,,,,
,7/19/2009,,,,,,,,,,,,,,,,,,,,,
,7/20/2009,,,,,,,,,,,,,,,,,,,,,
,7/21/2009,,,,,,,,,,,,,,,,,,,,,
,7/22/2009,,,,,,,,,,,,,,,,,,,,,
,7/23/2009,,,,,,,,,,,,,,,,,,,,,
,7/24/2009,,,,,,,,,,,,,,,,,,,,,
,7/25/2009,,,,,,,,,,,,,,,,,,,,,
,7/26/2009,,,,,,,,,,,,,,,,,,,,,
,7/27/2009,,,,,,,,,,,,,,,,,,,,,
,7/28/2009,,,,,,,,,,,,,,,,,,,,,
,7/29/2009,,,,,,,,,,,,,,,,,,,,,
,7/30/2009,,,,,,,,,,,,,,,,,,,,,
,7/31/2009,,,,,,,,,,,,,,,,,,,,,
,8/1/2009,,,,,,,,,,,,,,,,,,,,,
,8/2/2009,,,,,,,,,,,,,,,,,,,,,
,8/3/2009,,,,,,,,,,,,,,,,,,,,,
,8/4/2009,,,,,,,,,,,,,,,,,,,,,
,8/5/2009,,,,,,,,,,,,,,,,,,,,,
,8/6/2009,,,,,,,,,,,,,,,,,,,,,
,8/7/2009,,,,,,,,,,,,,,,,,,,,,
,8/8/2009,,,,,,,,,,,,,,,,,,,,,
,8/9/2009,,,,,,,,,,,,,,,,,,,,,
,8/10/2009,,,,,,,,,,,,,,,,,,,,,
,8/11/2009,,,,,,,,,,,,,,,,,,,,,
,8/12/2009,,,,,,,,,,,,,,,,,,,,,
,8/13/2009,,,,,,,,,,,,,,,,,,,,,
,8/14/2009,,,,,,,,,,,,,,,,,,,,,
,8/15/2009,,,,,,,,,,,,,,,,,,,,,
,8/16/2009,,,,,,,,,,,,,,,,,,,,,
,8/17/2009,,,,,,,,,,,,,,,,,,,,,
,8/18/2009,,,,,,,,,,,,,,,,,,,,,
,8/19/2009,,,,,,,,,,,,,,,,,,,,,
,8/20/2009,,,,,,,,,,,,,,,,,,,,,
,8/21/2009,,,,,,,,,,,,,,,,,,,,,
,8/22/2009,,,,,,,,,,,,,,,,,,,,,
,8/23/2009,,,,,,,,,,,,,,,,,,,,,
,8/24/2009,,,,,,,,,,,,,,,,,,,,,
,8/25/2009,,,,,,,,,,,,,,,,,,,,,
,8/26/2009,,,,,,,,,,,,,,,,,,,,,
,8/27/2009,,,,,,,,,,,,,,,,,,,,,
,8/28/2009,,,,,,,,,,,,,,,,,,,,,
,8/29/2009,,,,,,,,,,,,,,,,,,,,,
,8/30/2009,,,,,,,,,,,,,,,,,,,,,
,8/31/2009,,,,,,,,,,,,,,,,,,,,,
,9/1/2009,,,,,,,,,,,,,,,,,,,,,
,9/2/2009,,,,,,,,,,,,,,,,,,,,,
,9/3/2009,,,,,,,,,,,,,,,,,,,,,
,9/4/2009,,,,,,,,,,,,,,,,,,,,,
,9/5/2009,,,,,,,,,,,,,,,,,,,,,
,9/6/2009,,,,,,,,,,,,,,,,,,,,,
,9/7/2009,,,,,,,,,,,,,,,,,,,,,
,9/8/2009,,,,,,,,,,,,,,,,,,,,,
,9/9/2009,,,,,,,,,,,,,,,,,,,,,
,9/10/2009,,,,,,,,,,,,,,,,,,,,,
,9/11/2009,,,,,,,,,,,,,,,,,,,,,
,9/12/2009,,,,,,,,,,,,,,,,,,,,,
,9/13/2009,,,,,,,,,,,,,,,,,,,,,
,9/14/2009,,,,,,,,,,,,,,,,,,,,,
,9/15/2009,,,,,,,,,,,,,,,,,,,,,
,9/16/2009,,,,,,,,,,,,,,,,,,,,,
,9/17/2009,,,,,,,,,,,,,,,,,,,,,
,9/18/2009,,,,,,,,,,,,,,,,,,,,,
,9/19/2009,,,,,,,,,,,,,,,,,,,,,
,9/20/2009,,,,,,,,,,,,,,,,,,,,,
,9/21/2009,,,,,,,,,,,,,,,,,,,,,
,9/22/2009,,,,,,,,,,,,,,,,,,,,,
,9/23/2009,,,,,,,,,,,,,,,,,,,,,
,9/24/2009,,,,,,,,,,,,,,,,,,,,,
,9/25/2009,,,,,,,,,,,,,,,,,,,,,
,9/26/2009,,,,,,,,,,,,,,,,,,,,,
,9/27/2009,,,,,,,,,,,,,,,,,,,,,
,9/28/2009,,,,,,,,,,,,,,,,,,,,,
,9/29/2009,,,,,,,,,,,,,,,,,,,,,
,9/30/2009,,,,,,,,,,,,,,,,,,,,,
,10/1/2009,,,,,,,,,,,,,,,,,,,,,
,10/2/2009,,,,,,,,,,,,,,,,,,,,,
,10/3/2009,,,,,,,,,,,,,,,,,,,,,
,10/4/2009,,,,,,,,,,,,,,,,,,,,,
,10/5/2009,,,,,,,,,,,,,,,,,,,,,
,10/6/2009,,,,,,,,,,,,,,,,,,,,,
,10/7/2009,,,,,,,,,,,,,,,,,,,,,
,10/8/2009,,,,,,,,,,,,,,,,,,,,,
,10/9/2009,,,,,,,,,,,,,,,,,,,,,
,10/10/2009,,,,,,,,,,,,,,,,,,,,,
,10/11/2009,,,,,,,,,,,,,,,,,,,,,
,10/12/2009,,,,,,,,,,,,,,,,,,,,,
,10/13/2009,,,,,,,,,,,,,,,,,,,,,
,10/14/2009,,,,,,,,,,,,,,,,,,,,,
,10/15/2009,,,,,,,,,,,,,,,,,,,,,
,10/16/2009,,,,,,,,,,,,,,,,,,,,,
,10/17/2009,,,,,,,,,,,,,,,,,,,,,
,10/18/2009,,,,,,,,,,,,,,,,,,,,,
,10/19/2009,,,,,,,,,,,,,,,,,,,,,
,10/20/2009,,,,,,,,,,,,,,,,,,,,,
,10/21/2009,,,,,,,,,,,,,,,,,,,,,
,10/22/2009,,,,,,,,,,,,,,,,,,,,,
,10/23/2009,,,,,,,,,,,,,,,,,,,,,
,10/24/2009,,,,,,,,,,,,,,,,,,,,,
,10/25/2009,,,,,,,,,,,,,,,,,,,,,
,10/26/2009,,,,,,,,,,,,,,,,,,,,,
,10/27/2009,,,,,,,,,,,,,,,,,,,,,
,10/28/2009,,,,,,,,,,,,,,,,,,,,,
,10/29/2009,,,,,,,,,,,,,,,,,,,,,
,10/30/2009,,,,,,,,,,,,,,,,,,,,,
,10/31/2009,,,,,,,,,,,,,,,,,,,,,
,11/1/2009,,,,,,,,,,,,,,,,,,,,,
,11/2/2009,,,,,,,,,,,,,,,,,,,,,
,11/3/2009,,,,,,,,,,,,,,,,,,,,,
,11/4/2009,,,,,,,,,,,,,,,,,,,,,
,11/5/2009,,,,,,,,,,,,,,,,,,,,,
,11/6/2009,,,,,,,,,,,,,,,,,,,,,
,11/7/2009,,,,,,,,,,,,,,,,,,,,,
,11/8/2009,,,,,,,,,,,,,,,,,,,,,
,11/9/2009,,,,,,,,,,,,,,,,,,,,,
,11/10/2009,,,,,,,,,,,,,,,,,,,,,
,11/11/2009,,,,,,,,,,,,,,,,,,,,,
,11/12/2009,,,,,,,,,,,,,,,,,,,,,
,11/13/2009,,,,,,,,,,,,,,,,,,,,,
,11/14/2009,,,,,,,,,,,,,,,,,,,,,
,11/15/2009,,,,,,,,,,,,,,,,,,,,,
,11/16/2009,,,,,,,,,,,,,,,,,,,,,
,11/17/2009,,,,,,,,,,,,,,,,,,,,,
,11/18/2009,,,,,,,,,,,,,,,,,,,,,
,11/19/2009,,,,,,,,,,,,,,,,,,,,,
,11/20/2009,,,,,,,,,,,,,,,,,,,,,
,11/21/2009,,,,,,,,,,,,,,,,,,,,,
,11/22/2009,,,,,,,,,,,,,,,,,,,,,
,11/23/2009,,,,,,,,,,,,,,,,,,,,,
,11/24/2009,,,,,,,,,,,,,,,,,,,,,
,11/25/2009,,,,,,,,,,,,,,,,,,,,,
,11/26/2009,,,,,,,,,,,,,,,,,,,,,
,11/27/2009,,,,,,,,,,,,,,,,,,,,,
,11/28/2009,,,,,,,,,,,,,,,,,,,,,
,11/29/2009,,,,,,,,,,,,,,,,,,,,,
,11/30/2009,,,,,,,,,,,,,,,,,,,,,
,12/1/2009,,,,,,,,,,,,,,,,,,,,,
,12/2/2009,,,,,,,,,,,,,,,,,,,,,
,12/3/2009,,,,,,,,,,,,,,,,,,,,,
,12/4/2009,,,,,,,,,,,,,,,,,,,,,
,12/5/2009,,,,,,,,,,,,,,,,,,,,,
,12/6/2009,,,,,,,,,,,,,,,,,,,,,
,12/7/2009,,,,,,,,,,,,,,,,,,,,,
,12/8/2009,,,,,,,,,,,,,,,,,,,,,
,12/9/2009,,,,,,,,,,,,,,,,,,,,,
,12/10/2009,,,,,,,,,,,,,,,,,,,,,
,12/11/2009,,,,,,,,,,,,,,,,,,,,,
,12/12/2009,,,,,,,,,,,,,,,,,,,,,
,12/13/2009,,,,,,,,,,,,,,,,,,,,,
,12/14/2009,,,,,,,,,,,,,,,,,,,,,
,12/15/2009,,,,,,,,,,,,,,,,,,,,,
,12/16/2009,,,,,,,,,,,,,,,,,,,,,
,12/17/2009,,,,,,,,,,,,,,,,,,,,,
,12/18/2009,,,,,,,,,,,,,,,,,,,,,
,12/19/2009,,,,,,,,,,,,,,,,,,,,,
,12/20/2009,,,,,,,,,,,,,,,,,,,,,
,12/21/2009,,,,,,,,,,,,,,,,,,,,,
,12/22/2009,,,,,,,,,,,,,,,,,,,,,
,12/23/2009,,,,,,,,,,,,,,,,,,,,,
,12/24/2009,,,,,,,,,,,,,,,,,,,,,
,12/25/2009,,,,,,,,,,,,,,,,,,,,,
,12/26/2009,,,,,,,,,,,,,,,,,,,,,
,12/27/2009,,,,,,,,,,,,,,,,,,,,,
,12/28/2009,,,,,,,,,,,,,,,,,,,,,
,12/29/2009,,,,,,,,,,,,,,,,,,,,,
,12/30/2009,,,,,,,,,,,,,,,,,,,,,
,12/31/2009,,,,,,,,,,,,,,,,,,,,,
,1/1/2010,,,,,,,,,,,,,,,,,,,,,
,1/2/2010,,,,,,,,,,,,,,,,,,,,,
,1/3/2010,,,,,,,,,,,,,,,,,,,,,
,1/4/2010,,,,,,,,,,,,,,,,,,,,,
,1/5/2010,,,,,,,,,,,,,,,,,,,,,
,1/6/2010,,,,,,,,,,,,,,,,,,,,,
,1/7/2010,,,,,,,,,,,,,,,,,,,,,
,1/8/2010,,,,,,,,,,,,,,,,,,,,,
,1/9/2010,,,,,,,,,,,,,,,,,,,,,
,1/10/2010,,,,,,,,,,,,,,,,,,,,,
,1/11/2010,,,,,,,,,,,,,,,,,,,,,
,1/12/2010,,,,,,,,,,,,,,,,,,,,,
,1/13/2010,,,,,,,,,,,,,,,,,,,,,
,1/14/2010,,,,,,,,,,,,,,,,,,,,,
,1/15/2010,,,,,,,,,,,,,,,,,,,,,
,1/16/2010,,,,,,,,,,,,,,,,,,,,,
,1/17/2010,,,,,,,,,,,,,,,,,,,,,
,1/18/2010,,,,,,,,,,,,,,,,,,,,,
,1/19/2010,,,,,,,,,,,,,,,,,,,,,
,1/20/2010,,,,,,,,,,,,,,,,,,,,,
,1/21/2010,,,,,,,,,,,,,,,,,,,,,
,1/22/2010,,,,,,,,,,,,,,,,,,,,,
,1/23/2010,,,,,,,,,,,,,,,,,,,,,
,1/24/2010,,,,,,,,,,,,,,,,,,,,,
,1/25/2010,,,,,,,,,,,,,,,,,,,,,
,1/26/2010,,,,,,,,,,,,,,,,,,,,,
,1/27/2010,,,,,,,,,,,,,,,,,,,,,
,1/28/2010,,,,,,,,,,,,,,,,,,,,,
,1/29/2010,,,,,,,,,,,,,,,,,,,,,
,1/30/2010,,,,,,,,,,,,,,,,,,,,,
,1/31/2010,,,,,,,,,,,,,,,,,,,,,
,2/1/2010,,,,,,,,,,,,,,,,,,,,,
,2/2/2010,,,,,,,,,,,,,,,,,,,,,
,2/3/2010,,,,,,,,,,,,,,,,,,,,,
,2/4/2010,,,,,,,,,,,,,,,,,,,,,
,2/5/2010,,,,,,,,,,,,,,,,,,,,,
,2/6/2010,,,,,,,,,,,,,,,,,,,,,
,2/7/2010,,,,,,,,,,,,,,,,,,,,,
,2/8/2010,,,,,,,,,,,,,,,,,,,,,
,2/9/2010,,,,,,,,,,,,,,,,,,,,,
,2/10/2010,,,,,,,,,,,,,,,,,,,,,
,2/11/2010,,,,,,,,,,,,,,,,,,,,,
,2/12/2010,,,,,,,,,,,,,,,,,,,,,
,2/13/2010,,,,,,,,,,,,,,,,,,,,,
,2/14/2010,,,,,,,,,,,,,,,,,,,,,
,2/15/2010,,,,,,,,,,,,,,,,,,,,,
,2/16/2010,,,,,,,,,,,,,,,,,,,,,
,2/17/2010,,,,,,,,,,,,,,,,,,,,,
,2/18/2010,,,,,,,,,,,,,,,,,,,,,
,2/19/2010,,,,,,,,,,,,,,,,,,,,,
,2/20/2010,,,,,,,,,,,,,,,,,,,,,
,2/21/2010,,,,,,,,,,,,,,,,,,,,,
,2/22/2010,,,,,,,,,,,,,,,,,,,,,
,2/23/2010,,,,,,,,,,,,,,,,,,,,,
,2/24/2010,,,,,,,,,,,,,,,,,,,,,
,2/25/2010,,,,,,,,,,,,,,,,,,,,,
,2/26/2010,,,,,,,,,,,,,,,,,,,,,
,2/27/2010,,,,,,,,,,,,,,,,,,,,,
,2/28/2010,,,,,,,,,,,,,,,,,,,,,
,3/1/2010,,,,,,,,,,,,,,,,,,,,,
,3/2/2010,,,,,,,,,,,,,,,,,,,,,
,3/3/2010,,,,,,,,,,,,,,,,,,,,,
,3/4/2010,,,,,,,,,,,,,,,,,,,,,
,3/5/2010,,,,,,,,,,,,,,,,,,,,,
,3/6/2010,,,,,,,,,,,,,,,,,,,,,
,3/7/2010,,,,,,,,,,,,,,,,,,,,,
,3/8/2010,,,,,,,,,,,,,,,,,,,,,
,3/9/2010,,,,,,,,,,,,,,,,,,,,,
,3/10/2010,,,,,,,,,,,,,,,,,,,,,
,3/11/2010,,,,,,,,,,,,,,,,,,,,,
,3/12/2010,,,,,,,,,,,,,,,,,,,,,
,3/13/2010,,,,,,,,,,,,,,,,,,,,,
,3/14/2010,,,,,,,,,,,,,,,,,,,,,
,3/15/2010,,,,,,,,,,,,,,,,,,,,,
,3/16/2010,,,,,,,,,,,,,,,,,,,,,
,3/17/2010,,,,,,,,,,,,,,,,,,,,,
,3/18/2010,,,,,,,,,,,,,,,,,,,,,
,3/19/2010,,,,,,,,,,,,,,,,,,,,,
,3/20/2010,,,,,,,,,,,,,,,,,,,,,
,3/21/2010,,,,,,,,,,,,,,,,,,,,,
,3/22/2010,,,,,,,,,,,,,,,,,,,,,
,3/23/2010,,,,,,,,,,,,,,,,,,,,,
,3/24/2010,,,,,,,,,,,,,,,,,,,,,
,3/25/2010,,,,,,,,,,,,,,,,,,,,,
,3/26/2010,,,,,,,,,,,,,,,,,,,,,
,3/27/2010,,,,,,,,,,,,,,,,,,,,,
,3/28/2010,,,,,,,,,,,,,,,,,,,,,
,3/29/2010,,,,,,,,,,,,,,,,,,,,,
,3/30/2010,,,,,,,,,,,,,,,,,,,,,
,3/31/2010,,,,,,,,,,,,,,,,,,,,,
,4/1/2010,,,,,,,,,,,,,,,,,,,,,
,4/2/2010,,,,,,,,,,,,,,,,,,,,,
,4/3/2010,,,,,,,,,,,,,,,,,,,,,
,4/4/2010,,,,,,,,,,,,,,,,,,,,,
,4/5/2010,,,,,,,,,,,,,,,,,,,,,
,4/6/2010,,,,,,,,,,,,,,,,,,,,,
,4/7/2010,,,,,,,,,,,,,,,,,,,,,
,4/8/2010,,,,,,,,,,,,,,,,,,,,,
,4/9/2010,,,,,,,,,,,,,,,,,,,,,
,4/10/2010,,,,,,,,,,,,,,,,,,,,,
,4/11/2010,,,,,,,,,,,,,,,,,,,,,
,4/12/2010,,,,,,,,,,,,,,,,,,,,,
,4/13/2010,,,,,,,,,,,,,,,,,,,,,
,4/14/2010,,,,,,,,,,,,,,,,,,,,,
,4/15/2010,,,,,,,,,,,,,,,,,,,,,
,4/16/2010,,,,,,,,,,,,,,,,,,,,,
,4/17/2010,,,,,,,,,,,,,,,,,,,,,
,4/18/2010,,,,,,,,,,,,,,,,,,,,,
,4/19/2010,,,,,,,,,,,,,,,,,,,,,
,4/20/2010,,,,,,,,,,,,,,,,,,,,,
,4/21/2010,,,,,,,,,,,,,,,,,,,,,
,4/22/2010,,,,,,,,,,,,,,,,,,,,,
,4/23/2010,,,,,,,,,,,,,,,,,,,,,
,4/24/2010,,,,,,,,,,,,,,,,,,,,,
,4/25/2010,,,,,,,,,,,,,,,,,,,,,
,4/26/2010,,,,,,,,,,,,,,,,,,,,,
,4/27/2010,,,,,,,,,,,,,,,,,,,,,
,4/28/2010,,,,,,,,,,,,,,,,,,,,,
,4/29/2010,,,,,,,,,,,,,,,,,,,,,
,4/30/2010,,,,,,,,,,,,,,,,,,,,,
,5/1/2010,,,,,,,,,,,,,,,,,,,,,
,5/2/2010,,,,,,,,,,,,,,,,,,,,,
,5/3/2010,,,,,,,,,,,,,,,,,,,,,
,5/4/2010,,,,,,,,,,,,,,,,,,,,,
,5/5/2010,,,,,,,,,,,,,,,,,,,,,
,5/6/2010,,,,,,,,,,,,,,,,,,,,,
,5/7/2010,,,,,,,,,,,,,,,,,,,,,
,5/8/2010,,,,,,,,,,,,,,,,,,,,,
,5/9/2010,,,,,,,,,,,,,,,,,,,,,
,5/10/2010,,,,,,,,,,,,,,,,,,,,,
,5/11/2010,,,,,,,,,,,,,,,,,,,,,
,5/12/2010,,,,,,,,,,,,,,,,,,,,,
,5/13/2010,,,,,,,,,,,,,,,,,,,,,
,5/14/2010,,,,,,,,,,,,,,,,,,,,,
,5/15/2010,,,,,,,,,,,,,,,,,,,,,
,5/16/2010,,,,,,,,,,,,,,,,,,,,,
,5/17/2010,,,,,,,,,,,,,,,,,,,,,
,5/18/2010,,,,,,,,,,,,,,,,,,,,,
,5/19/2010,,,,,,,,,,,,,,,,,,,,,
,5/20/2010,,,,,,,,,,,,,,,,,,,,,
,5/21/2010,,,,,,,,,,,,,,,,,,,,,
,5/22/2010,,,,,,,,,,,,,,,,,,,,,
,5/23/2010,,,,,,,,,,,,,,,,,,,,,
,5/24/2010,,,,,,,,,,,,,,,,,,,,,
,5/25/2010,,,,,,,,,,,,,,,,,,,,,
,5/26/2010,,,,,,,,,,,,,,,,,,,,,
,5/27/2010,,,,,,,,,,,,,,,,,,,,,
,5/28/2010,,,,,,,,,,,,,,,,,,,,,
,5/29/2010,,,,,,,,,,,,,,,,,,,,,
,5/30/2010,,,,,,,,,,,,,,,,,,,,,
,5/31/2010,,,,,,,,,,,,,,,,,,,,,
,6/1/2010,,,,,,,,,,,,,,,,,,,,,
,6/2/2010,,,,,,,,,,,,,,,,,,,,,
,6/3/2010,,,,,,,,,,,,,,,,,,,,,
,6/4/2010,,,,,,,,,,,,,,,,,,,,,
,6/5/2010,,,,,,,,,,,,,,,,,,,,,
,6/6/2010,,,,,,,,,,,,,,,,,,,,,
,6/7/2010,,,,,,,,,,,,,,,,,,,,,
,6/8/2010,,,,,,,,,,,,,,,,,,,,,
,6/9/2010,,,,,,,,,,,,,,,,,,,,,
,6/10/2010,,,,,,,,,,,,,,,,,,,,,
,6/11/2010,,,,,,,,,,,,,,,,,,,,,
,6/12/2010,,,,,,,,,,,,,,,,,,,,,
,6/13/2010,,,,,,,,,,,,,,,,,,,,,
,6/14/2010,,,,,,,,,,,,,,,,,,,,,
,6/15/2010,,,,,,,,,,,,,,,,,,,,,
,6/16/2010,,,,,,,,,,,,,,,,,,,,,
,6/17/2010,,,,,,,,,,,,,,,,,,,,,
,6/18/2010,,,,,,,,,,,,,,,,,,,,,
,6/19/2010,,,,,,,,,,,,,,,,,,,,,
,6/20/2010,,,,,,,,,,,,,,,,,,,,,
,6/21/2010,,,,,,,,,,,,,,,,,,,,,
,6/22/2010,,,,,,,,,,,,,,,,,,,,,
,6/23/2010,,,,,,,,,,,,,,,,,,,,,
,6/24/2010,,,,,,,,,,,,,,,,,,,,,
,6/25/2010,,,,,,,,,,,,,,,,,,,,,
,6/26/2010,,,,,,,,,,,,,,,,,,,,,
,6/27/2010,,,,,,,,,,,,,,,,,,,,,
,6/28/2010,,,,,,,,,,,,,,,,,,,,,
,6/29/2010,,,,,,,,,,,,,,,,,,,,,
,6/30/2010,,,,,,,,,,,,,,,,,,,,,
,7/1/2010,,,,,,,,,,,,,,,,,,,,,
,7/2/2010,,,,,,,,,,,,,,,,,,,,,
,7/3/2010,,,,,,,,,,,,,,,,,,,,,
,7/4/2010,,,,,,,,,,,,,,,,,,,,,
,7/5/2010,,,,,,,,,,,,,,,,,,,,,
,7/6/2010,,,,,,,,,,,,,,,,,,,,,
,7/7/2010,,,,,,,,,,,,,,,,,,,,,
,7/8/2010,,,,,,,,,,,,,,,,,,,,,
,7/9/2010,,,,,,,,,,,,,,,,,,,,,
,7/10/2010,,,,,,,,,,,,,,,,,,,,,
,7/11/2010,,,,,,,,,,,,,,,,,,,,,
,7/12/2010,,,,,,,,,,,,,,,,,,,,,
,7/13/2010,,,,,,,,,,,,,,,,,,,,,
,7/14/2010,,,,,,,,,,,,,,,,,,,,,
,7/15/2010,,,,,,,,,,,,,,,,,,,,,
,7/16/2010,,,,,,,,,,,,,,,,,,,,,
,7/17/2010,,,,,,,,,,,,,,,,,,,,,
,7/18/2010,,,,,,,,,,,,,,,,,,,,,
,7/19/2010,,,,,,,,,,,,,,,,,,,,,
,7/20/2010,,,,,,,,,,,,,,,,,,,,,
,7/21/2010,,,,,,,,,,,,,,,,,,,,,
,7/22/2010,,,,,,,,,,,,,,,,,,,,,
,7/23/2010,,,,,,,,,,,,,,,,,,,,,
,7/24/2010,,,,,,,,,,,,,,,,,,,,,
,7/25/2010,,,,,,,,,,,,,,,,,,,,,
,7/26/2010,,,,,,,,,,,,,,,,,,,,,
,7/27/2010,,,,,,,,,,,,,,,,,,,,,
,7/28/2010,,,,,,,,,,,,,,,,,,,,,
,7/29/2010,,,,,,,,,,,,,,,,,,,,,
,7/30/2010,,,,,,,,,,,,,,,,,,,,,
,7/31/2010,,,,,,,,,,,,,,,,,,,,,
,8/1/2010,,,,,,,,,,,,,,,,,,,,,
,8/2/2010,,,,,,,,,,,,,,,,,,,,,
,8/3/2010,,,,,,,,,,,,,,,,,,,,,
,8/4/2010,,,,,,,,,,,,,,,,,,,,,
,8/5/2010,,,,,,,,,,,,,,,,,,,,,
,8/6/2010,,,,,,,,,,,,,,,,,,,,,
,8/7/2010,,,,,,,,,,,,,,,,,,,,,
,8/8/2010,,,,,,,,,,,,,,,,,,,,,
,8/9/2010,,,,,,,,,,,,,,,,,,,,,
,8/10/2010,,,,,,,,,,,,,,,,,,,,,
,8/11/2010,,,,,,,,,,,,,,,,,,,,,
,8/12/2010,,,,,,,,,,,,,,,,,,,,,
,8/13/2010,,,,,,,,,,,,,,,,,,,,,
,8/14/2010,,,,,,,,,,,,,,,,,,,,,
,8/15/2010,,,,,,,,,,,,,,,,,,,,,
,8/16/2010,,,,,,,,,,,,,,,,,,,,,
,8/17/2010,,,,,,,,,,,,,,,,,,,,,
,8/18/2010,,,,,,,,,,,,,,,,,,,,,
,8/19/2010,,,,,,,,,,,,,,,,,,,,,
,8/20/2010,,,,,,,,,,,,,,,,,,,,,
,8/21/2010,,,,,,,,,,,,,,,,,,,,,
,8/22/2010,,,,,,,,,,,,,,,,,,,,,
,8/23/2010,,,,,,,,,,,,,,,,,,,,,
,8/24/2010,,,,,,,,,,,,,,,,,,,,,
,8/25/2010,,,,,,,,,,,,,,,,,,,,,
,8/26/2010,,,,,,,,,,,,,,,,,,,,,
,8/27/2010,,,,,,,,,,,,,,,,,,,,,
,8/28/2010,,,,,,,,,,,,,,,,,,,,,
,8/29/2010,,,,,,,,,,,,,,,,,,,,,
,8/30/2010,,,,,,,,,,,,,,,,,,,,,
,8/31/2010,,,,,,,,,,,,,,,,,,,,,
,9/1/2010,,,,,,,,,,,,,,,,,,,,,
,9/2/2010,,,,,,,,,,,,,,,,,,,,,
,9/3/2010,,,,,,,,,,,,,,,,,,,,,
,9/4/2010,,,,,,,,,,,,,,,,,,,,,
,9/5/2010,,,,,,,,,,,,,,,,,,,,,
,9/6/2010,,,,,,,,,,,,,,,,,,,,,
,9/7/2010,,,,,,,,,,,,,,,,,,,,,
,9/8/2010,,,,,,,,,,,,,,,,,,,,,
,9/9/2010,,,,,,,,,,,,,,,,,,,,,
,9/10/2010,,,,,,,,,,,,,,,,,,,,,
,9/11/2010,,,,,,,,,,,,,,,,,,,,,
,9/12/2010,,,,,,,,,,,,,,,,,,,,,
,9/13/2010,,,,,,,,,,,,,,,,,,,,,
,9/14/2010,,,,,,,,,,,,,,,,,,,,,
,9/15/2010,,,,,,,,,,,,,,,,,,,,,
,9/16/2010,,,,,,,,,,,,,,,,,,,,,
,9/17/2010,,,,,,,,,,,,,,,,,,,,,
,9/18/2010,,,,,,,,,,,,,,,,,,,,,
,9/19/2010,,,,,,,,,,,,,,,,,,,,,
,9/20/2010,,,,,,,,,,,,,,,,,,,,,
,9/21/2010,,,,,,,,,,,,,,,,,,,,,
,9/22/2010,,,,,,,,,,,,,,,,,,,,,
,9/23/2010,,,,,,,,,,,,,,,,,,,,,
,9/24/2010,,,,,,,,,,,,,,,,,,,,,
,9/25/2010,,,,,,,,,,,,,,,,,,,,,
,9/26/2010,,,,,,,,,,,,,,,,,,,,,
,9/27/2010,,,,,,,,,,,,,,,,,,,,,
,9/28/2010,,,,,,,,,,,,,,,,,,,,,
,9/29/2010,,,,,,,,,,,,,,,,,,,,,
,9/30/2010,,,,,,,,,,,,,,,,,,,,,
,10/1/2010,,,,,,,,,,,,,,,,,,,,,
,10/2/2010,,,,,,,,,,,,,,,,,,,,,
,10/3/2010,,,,,,,,,,,,,,,,,,,,,
,10/4/2010,,,,,,,,,,,,,,,,,,,,,
,10/5/2010,,,,,,,,,,,,,,,,,,,,,
,10/6/2010,,,,,,,,,,,,,,,,,,,,,
,10/7/2010,,,,,,,,,,,,,,,,,,,,,
,10/8/2010,,,,,,,,,,,,,,,,,,,,,
,10/9/2010,,,,,,,,,,,,,,,,,,,,,
,10/10/2010,,,,,,,,,,,,,,,,,,,,,
,10/11/2010,,,,,,,,,,,,,,,,,,,,,
,10/12/2010,,,,,,,,,,,,,,,,,,,,,
,10/13/2010,,,,,,,,,,,,,,,,,,,,,
,10/14/2010,,,,,,,,,,,,,,,,,,,,,
,10/15/2010,,,,,,,,,,,,,,,,,,,,,
,10/16/2010,,,,,,,,,,,,,,,,,,,,,
,10/17/2010,,,,,,,,,,,,,,,,,,,,,
,10/18/2010,,,,,,,,,,,,,,,,,,,,,
,10/19/2010,,,,,,,,,,,,,,,,,,,,,
,10/20/2010,,,,,,,,,,,,,,,,,,,,,
,10/21/2010,,,,,,,,,,,,,,,,,,,,,
,10/22/2010,,,,,,,,,,,,,,,,,,,,,
,10/23/2010,,,,,,,,,,,,,,,,,,,,,
,10/24/2010,,,,,,,,,,,,,,,,,,,,,
,10/25/2010,,,,,,,,,,,,,,,,,,,,,
,10/26/2010,,,,,,,,,,,,,,,,,,,,,
,10/27/2010,,,,,,,,,,,,,,,,,,,,,
,10/28/2010,,,,,,,,,,,,,,,,,,,,,
,10/29/2010,,,,,,,,,,,,,,,,,,,,,
,10/30/2010,,,,,,,,,,,,,,,,,,,,,
,10/31/2010,,,,,,,,,,,,,,,,,,,,,
,11/1/2010,,,,,,,,,,,,,,,,,,,,,
,11/2/2010,,,,,,,,,,,,,,,,,,,,,
,11/3/2010,,,,,,,,,,,,,,,,,,,,,
,11/4/2010,,,,,,,,,,,,,,,,,,,,,
,11/5/2010,,,,,,,,,,,,,,,,,,,,,
,11/6/2010,,,,,,,,,,,,,,,,,,,,,
,11/7/2010,,,,,,,,,,,,,,,,,,,,,
,11/8/2010,,,,,,,,,,,,,,,,,,,,,
,11/9/2010,,,,,,,,,,,,,,,,,,,,,
,11/10/2010,,,,,,,,,,,,,,,,,,,,,
,11/11/2010,,,,,,,,,,,,,,,,,,,,,
,11/12/2010,,,,,,,,,,,,,,,,,,,,,
,11/13/2010,,,,,,,,,,,,,,,,,,,,,
,11/14/2010,,,,,,,,,,,,,,,,,,,,,
,11/15/2010,,,,,,,,,,,,,,,,,,,,,
,11/16/2010,,,,,,,,,,,,,,,,,,,,,
,11/17/2010,,,,,,,,,,,,,,,,,,,,,
,11/18/2010,,,,,,,,,,,,,,,,,,,,,
,11/19/2010,,,,,,,,,,,,,,,,,,,,,
,11/20/2010,,,,,,,,,,,,,,,,,,,,,
,11/21/2010,,,,,,,,,,,,,,,,,,,,,
,11/22/2010,,,,,,,,,,,,,,,,,,,,,
,11/23/2010,,,,,,,,,,,,,,,,,,,,,
,11/24/2010,,,,,,,,,,,,,,,,,,,,,
,11/25/2010,,,,,,,,,,,,,,,,,,,,,
,11/26/2010,,,,,,,,,,,,,,,,,,,,,
,11/27/2010,,,,,,,,,,,,,,,,,,,,,
,11/28/2010,,,,,,,,,,,,,,,,,,,,,
,11/29/2010,,,,,,,,,,,,,,,,,,,,,
,11/30/2010,,,,,,,,,,,,,,,,,,,,,
,12/1/2010,,,,,,,,,,,,,,,,,,,,,
,12/2/2010,,,,,,,,,,,,,,,,,,,,,
,12/3/2010,,,,,,,,,,,,,,,,,,,,,
,12/4/2010,,,,,,,,,,,,,,,,,,,,,
,12/5/2010,,,,,,,,,,,,,,,,,,,,,
,12/6/2010,,,,,,,,,,,,,,,,,,,,,
,12/7/2010,,,,,,,,,,,,,,,,,,,,,
,12/8/2010,,,,,,,,,,,,,,,,,,,,,
,12/9/2010,,,,,,,,,,,,,,,,,,,,,
,12/10/2010,,,,,,,,,,,,,,,,,,,,,
,12/11/2010,,,,,,,,,,,,,,,,,,,,,
,12/12/2010,,,,,,,,,,,,,,,,,,,,,
,12/13/2010,,,,,,,,,,,,,,,,,,,,,
,12/14/2010,,,,,,,,,,,,,,,,,,,,,
,12/15/2010,,,,,,,,,,,,,,,,,,,,,
,12/16/2010,,,,,,,,,,,,,,,,,,,,,
,12/17/2010,,,,,,,,,,,,,,,,,,,,,
,12/18/2010,,,,,,,,,,,,,,,,,,,,,
,12/19/2010,,,,,,,,,,,,,,,,,,,,,
,12/20/2010,,,,,,,,,,,,,,,,,,,,,
,12/21/2010,,,,,,,,,,,,,,,,,,,,,
,12/22/2010,,,,,,,,,,,,,,,,,,,,,
,12/23/2010,,,,,,,,,,,,,,,,,,,,,
,12/24/2010,,,,,,,,,,,,,,,,,,,,,
,12/25/2010,,,,,,,,,,,,,,,,,,,,,
,12/26/2010,,,,,,,,,,,,,,,,,,,,,
,12/27/2010,,,,,,,,,,,,,,,,,,,,,
,12/28/2010,,,,,,,,,,,,,,,,,,,,,
,12/29/2010,,,,,,,,,,,,,,,,,,,,,
,12/30/2010,,,,,,,,,,,,,,,,,,,,,
,12/31/2010,,,,,,,,,,,,,,,,,,,,,
,1/1/2011,,,,,,,,,,,,,,,,,,,,,
,1/2/2011,,,,,,,,,,,,,,,,,,,,,
,1/3/2011,,,,,,,,,,,,,,,,,,,,,
,1/4/2011,,,,,,,,,,,,,,,,,,,,,
,1/5/2011,,,,,,,,,,,,,,,,,,,,,
,1/6/2011,,,,,,,,,,,,,,,,,,,,,
,1/7/2011,,,,,,,,,,,,,,,,,,,,,
,1/8/2011,,,,,,,,,,,,,,,,,,,,,
,1/9/2011,,,,,,,,,,,,,,,,,,,,,
,1/10/2011,,,,,,,,,,,,,,,,,,,,,
,1/11/2011,,,,,,,,,,,,,,,,,,,,,
,1/12/2011,,,,,,,,,,,,,,,,,,,,,
,1/13/2011,,,,,,,,,,,,,,,,,,,,,
,1/14/2011,,,,,,,,,,,,,,,,,,,,,
,1/15/2011,,,,,,,,,,,,,,,,,,,,,
,1/16/2011,,,,,,,,,,,,,,,,,,,,,
,1/17/2011,,,,,,,,,,,,,,,,,,,,,
,1/18/2011,,,,,,,,,,,,,,,,,,,,,
,1/19/2011,,,,,,,,,,,,,,,,,,,,,
,1/20/2011,,,,,,,,,,,,,,,,,,,,,
,1/21/2011,,,,,,,,,,,,,,,,,,,,,
,1/22/2011,,,,,,,,,,,,,,,,,,,,,
,1/23/2011,,,,,,,,,,,,,,,,,,,,,
,1/24/2011,,,,,,,,,,,,,,,,,,,,,
,1/25/2011,,,,,,,,,,,,,,,,,,,,,
,1/26/2011,,,,,,,,,,,,,,,,,,,,,
,1/27/2011,,,,,,,,,,,,,,,,,,,,,
,1/28/2011,,,,,,,,,,,,,,,,,,,,,
,1/29/2011,,,,,,,,,,,,,,,,,,,,,
,1/30/2011,,,,,,,,,,,,,,,,,,,,,
,1/31/2011,,,,,,,,,,,,,,,,,,,,,
,2/1/2011,,,,,,,,,,,,,,,,,,,,,
,2/2/2011,,,,,,,,,,,,,,,,,,,,,
,2/3/2011,,,,,,,,,,,,,,,,,,,,,
,2/4/2011,,,,,,,,,,,,,,,,,,,,,
,2/5/2011,,,,,,,,,,,,,,,,,,,,,
,2/6/2011,,,,,,,,,,,,,,,,,,,,,
,2/7/2011,,,,,,,,,,,,,,,,,,,,,
,2/8/2011,,,,,,,,,,,,,,,,,,,,,
,2/9/2011,,,,,,,,,,,,,,,,,,,,,
,2/10/2011,,,,,,,,,,,,,,,,,,,,,
,2/11/2011,,,,,,,,,,,,,,,,,,,,,
,2/12/2011,,,,,,,,,,,,,,,,,,,,,
,2/13/2011,,,,,,,,,,,,,,,,,,,,,
,2/14/2011,,,,,,,,,,,,,,,,,,,,,
,2/15/2011,,,,,,,,,,,,,,,,,,,,,
,2/16/2011,,,,,,,,,,,,,,,,,,,,,
,2/17/2011,,,,,,,,,,,,,,,,,,,,,
,2/18/2011,,,,,,,,,,,,,,,,,,,,,
,2/19/2011,,,,,,,,,,,,,,,,,,,,,
,2/20/2011,,,,,,,,,,,,,,,,,,,,,
,2/21/2011,,,,,,,,,,,,,,,,,,,,,
,2/22/2011,,,,,,,,,,,,,,,,,,,,,
,2/23/2011,,,,,,,,,,,,,,,,,,,,,
,2/24/2011,,,,,,,,,,,,,,,,,,,,,
,2/25/2011,,,,,,,,,,,,,,,,,,,,,
,2/26/2011,,,,,,,,,,,,,,,,,,,,,
,2/27/2011,,,,,,,,,,,,,,,,,,,,,
,2/28/2011,,,,,,,,,,,,,,,,,,,,,
,3/1/2011,,,,,,,,,,,,,,,,,,,,,
,3/2/2011,,,,,,,,,,,,,,,,,,,,,
,3/3/2011,,,,,,,,,,,,,,,,,,,,,
,3/4/2011,,,,,,,,,,,,,,,,,,,,,
,3/5/2011,,,,,,,,,,,,,,,,,,,,,
,3/6/2011,,,,,,,,,,,,,,,,,,,,,
,3/7/2011,,,,,,,,,,,,,,,,,,,,,
,3/8/2011,,,,,,,,,,,,,,,,,,,,,
,3/9/2011,,,,,,,,,,,,,,,,,,,,,
,3/10/2011,,,,,,,,,,,,,,,,,,,,,
,3/11/2011,,,,,,,,,,,,,,,,,,,,,
,3/12/2011,,,,,,,,,,,,,,,,,,,,,
,3/13/2011,,,,,,,,,,,,,,,,,,,,,
,3/14/2011,,,,,,,,,,,,,,,,,,,,,
,3/15/2011,,,,,,,,,,,,,,,,,,,,,
,3/16/2011,,,,,,,,,,,,,,,,,,,,,
,3/17/2011,,,,,,,,,,,,,,,,,,,,,
,3/18/2011,,,,,,,,,,,,,,,,,,,,,
,3/19/2011,,,,,,,,,,,,,,,,,,,,,
,3/20/2011,,,,,,,,,,,,,,,,,,,,,
,3/21/2011,,,,,,,,,,,,,,,,,,,,,
,3/22/2011,,,,,,,,,,,,,,,,,,,,,
,3/23/2011,,,,,,,,,,,,,,,,,,,,,
,3/24/2011,,,,,,,,,,,,,,,,,,,,,
,3/25/2011,,,,,,,,,,,,,,,,,,,,,
,3/26/2011,,,,,,,,,,,,,,,,,,,,,
,3/27/2011,,,,,,,,,,,,,,,,,,,,,
,3/28/2011,,,,,,,,,,,,,,,,,,,,,
,3/29/2011,,,,,,,,,,,,,,,,,,,,,
,3/30/2011,,,,,,,,,,,,,,,,,,,,,
,3/31/2011,,,,,,,,,,,,,,,,,,,,,
,4/1/2011,,,,,,,,,,,,,,,,,,,,,
,4/2/2011,,,,,,,,,,,,,,,,,,,,,
,4/3/2011,,,,,,,,,,,,,,,,,,,,,
,4/4/2011,,,,,,,,,,,,,,,,,,,,,
,4/5/2011,,,,,,,,,,,,,,,,,,,,,
,4/6/2011,,,,,,,,,,,,,,,,,,,,,
,4/7/2011,,,,,,,,,,,,,,,,,,,,,
,4/8/2011,,,,,,,,,,,,,,,,,,,,,
,4/9/2011,,,,,,,,,,,,,,,,,,,,,
,4/10/2011,,,,,,,,,,,,,,,,,,,,,
,4/11/2011,,,,,,,,,,,,,,,,,,,,,
,4/12/2011,,,,,,,,,,,,,,,,,,,,,
,4/13/2011,,,,,,,,,,,,,,,,,,,,,
,4/14/2011,,,,,,,,,,,,,,,,,,,,,
,4/15/2011,,,,,,,,,,,,,,,,,,,,,
,4/16/2011,,,,,,,,,,,,,,,,,,,,,
,4/17/2011,,,,,,,,,,,,,,,,,,,,,
,4/18/2011,,,,,,,,,,,,,,,,,,,,,
,4/19/2011,,,,,,,,,,,,,,,,,,,,,
,4/20/2011,,,,,,,,,,,,,,,,,,,,,
,4/21/2011,,,,,,,,,,,,,,,,,,,,,
,4/22/2011,,,,,,,,,,,,,,,,,,,,,
,4/23/2011,,,,,,,,,,,,,,,,,,,,,
,4/24/2011,,,,,,,,,,,,,,,,,,,,,
,4/25/2011,,,,,,,,,,,,,,,,,,,,,
,4/26/2011,,,,,,,,,,,,,,,,,,,,,
,4/27/2011,,,,,,,,,,,,,,,,,,,,,
,4/28/2011,,,,,,,,,,,,,,,,,,,,,
,4/29/2011,,,,,,,,,,,,,,,,,,,,,
,4/30/2011,,,,,,,,,,,,,,,,,,,,,
,5/1/2011,,,,,,,,,,,,,,,,,,,,,
,5/2/2011,,,,,,,,,,,,,,,,,,,,,
,5/3/2011,,,,,,,,,,,,,,,,,,,,,
,5/4/2011,,,,,,,,,,,,,,,,,,,,,
,5/5/2011,,,,,,,,,,,,,,,,,,,,,
,5/6/2011,,,,,,,,,,,,,,,,,,,,,
,5/7/2011,,,,,,,,,,,,,,,,,,,,,
,5/8/2011,,,,,,,,,,,,,,,,,,,,,
,5/9/2011,,,,,,,,,,,,,,,,,,,,,
,5/10/2011,,,,,,,,,,,,,,,,,,,,,
,5/11/2011,,,,,,,,,,,,,,,,,,,,,
,5/12/2011,,,,,,,,,,,,,,,,,,,,,
,5/13/2011,,,,,,,,,,,,,,,,,,,,,
,5/14/2011,,,,,,,,,,,,,,,,,,,,,
,5/15/2011,,,,,,,,,,,,,,,,,,,,,
,5/16/2011,,,,,,,,,,,,,,,,,,,,,
,5/17/2011,,,,,,,,,,,,,,,,,,,,,
,5/18/2011,,,,,,,,,,,,,,,,,,,,,
,5/19/2011,,,,,,,,,,,,,,,,,,,,,
,5/20/2011,,,,,,,,,,,,,,,,,,,,,
,5/21/2011,,,,,,,,,,,,,,,,,,,,,
,5/22/2011,,,,,,,,,,,,,,,,,,,,,
,5/23/2011,,,,,,,,,,,,,,,,,,,,,
,5/24/2011,,,,,,,,,,,,,,,,,,,,,
,5/25/2011,,,,,,,,,,,,,,,,,,,,,
,5/26/2011,,,,,,,,,,,,,,,,,,,,,
,5/27/2011,,,,,,,,,,,,,,,,,,,,,
,5/28/2011,,,,,,,,,,,,,,,,,,,,,
,5/29/2011,,,,,,,,,,,,,,,,,,,,,
,5/30/2011,,,,,,,,,,,,,,,,,,,,,
,5/31/2011,,,,,,,,,,,,,,,,,,,,,
,6/1/2011,,,,,,,,,,,,,,,,,,,,,
,6/2/2011,,,,,,,,,,,,,,,,,,,,,
,6/3/2011,,,,,,,,,,,,,,,,,,,,,
,6/4/2011,,,,,,,,,,,,,,,,,,,,,
,6/5/2011,,,,,,,,,,,,,,,,,,,,,
,6/6/2011,,,,,,,,,,,,,,,,,,,,,
,6/7/2011,,,,,,,,,,,,,,,,,,,,,
,6/8/2011,,,,,,,,,,,,,,,,,,,,,
,6/9/2011,,,,,,,,,,,,,,,,,,,,,
,6/10/2011,,,,,,,,,,,,,,,,,,,,,
,6/11/2011,,,,,,,,,,,,,,,,,,,,,
,6/12/2011,,,,,,,,,,,,,,,,,,,,,
,6/13/2011,,,,,,,,,,,,,,,,,,,,,
,6/14/2011,,,,,,,,,,,,,,,,,,,,,
,6/15/2011,,,,,,,,,,,,,,,,,,,,,
,6/16/2011,,,,,,,,,,,,,,,,,,,,,
,6/17/2011,,,,,,,,,,,,,,,,,,,,,
,6/18/2011,,,,,,,,,,,,,,,,,,,,,
,6/19/2011,,,,,,,,,,,,,,,,,,,,,
,6/20/2011,,,,,,,,,,,,,,,,,,,,,
,6/21/2011,,,,,,,,,,,,,,,,,,,,,
,6/22/2011,,,,,,,,,,,,,,,,,,,,,
,6/23/2011,,,,,,,,,,,,,,,,,,,,,
,6/24/2011,,,,,,,,,,,,,,,,,,,,,
,6/25/2011,,,,,,,,,,,,,,,,,,,,,
,6/26/2011,,,,,,,,,,,,,,,,,,,,,
,6/27/2011,,,,,,,,,,,,,,,,,,,,,
,6/28/2011,,,,,,,,,,,,,,,,,,,,,
,6/29/2011,,,,,,,,,,,,,,,,,,,,,
,6/30/2011,,,,,,,,,,,,,,,,,,,,,
,7/1/2011,,,,,,,,,,,,,,,,,,,,,
,7/2/2011,,,,,,,,,,,,,,,,,,,,,
,7/3/2011,,,,,,,,,,,,,,,,,,,,,
,7/4/2011,,,,,,,,,,,,,,,,,,,,,
,7/5/2011,,,,,,,,,,,,,,,,,,,,,
,7/6/2011,,,,,,,,,,,,,,,,,,,,,
,7/7/2011,,,,,,,,,,,,,,,,,,,,,
,7/8/2011,,,,,,,,,,,,,,,,,,,,,
,7/9/2011,,,,,,,,,,,,,,,,,,,,,
,7/10/2011,,,,,,,,,,,,,,,,,,,,,
,7/11/2011,,,,,,,,,,,,,,,,,,,,,
,7/12/2011,,,,,,,,,,,,,,,,,,,,,
,7/13/2011,,,,,,,,,,,,,,,,,,,,,
,7/14/2011,,,,,,,,,,,,,,,,,,,,,
,7/15/2011,,,,,,,,,,,,,,,,,,,,,
,7/16/2011,,,,,,,,,,,,,,,,,,,,,
,7/17/2011,,,,,,,,,,,,,,,,,,,,,
,7/18/2011,,,,,,,,,,,,,,,,,,,,,
,7/19/2011,,,,,,,,,,,,,,,,,,,,,
,7/20/2011,,,,,,,,,,,,,,,,,,,,,
,7/21/2011,,,,,,,,,,,,,,,,,,,,,
,7/22/2011,,,,,,,,,,,,,,,,,,,,,
,7/23/2011,,,,,,,,,,,,,,,,,,,,,
,7/24/2011,,,,,,,,,,,,,,,,,,,,,
,7/25/2011,,,,,,,,,,,,,,,,,,,,,
,7/26/2011,,,,,,,,,,,,,,,,,,,,,
,7/27/2011,,,,,,,,,,,,,,,,,,,,,
,7/28/2011,,,,,,,,,,,,,,,,,,,,,
,7/29/2011,,,,,,,,,,,,,,,,,,,,,
,7/30/2011,,,,,,,,,,,,,,,,,,,,,
,7/31/2011,,,,,,,,,,,,,,,,,,,,,
,8/1/2011,,,,,,,,,,,,,,,,,,,,,
,8/2/2011,,,,,,,,,,,,,,,,,,,,,
,8/3/2011,,,,,,,,,,,,,,,,,,,,,
,8/4/2011,,,,,,,,,,,,,,,,,,,,,
,8/5/2011,,,,,,,,,,,,,,,,,,,,,
,8/6/2011,,,,,,,,,,,,,,,,,,,,,
,8/7/2011,,,,,,,,,,,,,,,,,,,,,
,8/8/2011,,,,,,,,,,,,,,,,,,,,,
,8/9/2011,,,,,,,,,,,,,,,,,,,,,
,8/10/2011,,,,,,,,,,,,,,,,,,,,,
,8/11/2011,,,,,,,,,,,,,,,,,,,,,
,8/12/2011,,,,,,,,,,,,,,,,,,,,,
,8/13/2011,,,,,,,,,,,,,,,,,,,,,
,8/14/2011,,,,,,,,,,,,,,,,,,,,,
,8/15/2011,,,,,,,,,,,,,,,,,,,,,
,8/16/2011,,,,,,,,,,,,,,,,,,,,,
,8/17/2011,,,,,,,,,,,,,,,,,,,,,
,8/18/2011,,,,,,,,,,,,,,,,,,,,,
,8/19/2011,,,,,,,,,,,,,,,,,,,,,
,8/20/2011,,,,,,,,,,,,,,,,,,,,,
,8/21/2011,,,,,,,,,,,,,,,,,,,,,
,8/22/2011,,,,,,,,,,,,,,,,,,,,,
,8/23/2011,,,,,,,,,,,,,,,,,,,,,
,8/24/2011,,,,,,,,,,,,,,,,,,,,,
,8/25/2011,,,,,,,,,,,,,,,,,,,,,
,8/26/2011,,,,,,,,,,,,,,,,,,,,,
,8/27/2011,,,,,,,,,,,,,,,,,,,,,
,8/28/2011,,,,,,,,,,,,,,,,,,,,,
,8/29/2011,,,,,,,,,,,,,,,,,,,,,
,8/30/2011,,,,,,,,,,,,,,,,,,,,,
,8/31/2011,,,,,,,,,,,,,,,,,,,,,
,9/1/2011,,,,,,,,,,,,,,,,,,,,,
,9/2/2011,,,,,,,,,,,,,,,,,,,,,
,9/3/2011,,,,,,,,,,,,,,,,,,,,,
,9/4/2011,,,,,,,,,,,,,,,,,,,,,
,9/5/2011,,,,,,,,,,,,,,,,,,,,,
,9/6/2011,,,,,,,,,,,,,,,,,,,,,
,9/7/2011,,,,,,,,,,,,,,,,,,,,,
,9/8/2011,,,,,,,,,,,,,,,,,,,,,
,9/9/2011,,,,,,,,,,,,,,,,,,,,,
,9/10/2011,,,,,,,,,,,,,,,,,,,,,
,9/11/2011,,,,,,,,,,,,,,,,,,,,,
,9/12/2011,,,,,,,,,,,,,,,,,,,,,
,9/13/2011,,,,,,,,,,,,,,,,,,,,,
,9/14/2011,,,,,,,,,,,,,,,,,,,,,
,9/15/2011,,,,,,,,,,,,,,,,,,,,,
,9/16/2011,,,,,,,,,,,,,,,,,,,,,
,9/17/2011,,,,,,,,,,,,,,,,,,,,,
,9/18/2011,,,,,,,,,,,,,,,,,,,,,
,9/19/2011,,,,,,,,,,,,,,,,,,,,,
,9/20/2011,,,,,,,,,,,,,,,,,,,,,
,9/21/2011,,,,,,,,,,,,,,,,,,,,,
,9/22/2011,,,,,,,,,,,,,,,,,,,,,
,9/23/2011,,,,,,,,,,,,,,,,,,,,,
,9/24/2011,,,,,,,,,,,,,,,,,,,,,
,9/25/2011,,,,,,,,,,,,,,,,,,,,,
,9/26/2011,,,,,,,,,,,,,,,,,,,,,
,9/27/2011,,,,,,,,,,,,,,,,,,,,,
,9/28/2011,,,,,,,,,,,,,,,,,,,,,
,9/29/2011,,,,,,,,,,,,,,,,,,,,,
,9/30/2011,,,,,,,,,,,,,,,,,,,,,
,10/1/2011,,,,,,,,,,,,,,,,,,,,,
,10/2/2011,,,,,,,,,,,,,,,,,,,,,
,10/3/2011,,,,,,,,,,,,,,,,,,,,,
,10/4/2011,,,,,,,,,,,,,,,,,,,,,
,10/5/2011,,,,,,,,,,,,,,,,,,,,,
,10/6/2011,,,,,,,,,,,,,,,,,,,,,
,10/7/2011,,,,,,,,,,,,,,,,,,,,,
,10/8/2011,,,,,,,,,,,,,,,,,,,,,
,10/9/2011,,,,,,,,,,,,,,,,,,,,,
,10/10/2011,,,,,,,,,,,,,,,,,,,,,
,10/11/2011,,,,,,,,,,,,,,,,,,,,,
,10/12/2011,,,,,,,,,,,,,,,,,,,,,
,10/13/2011,,,,,,,,,,,,,,,,,,,,,
,10/14/2011,,,,,,,,,,,,,,,,,,,,,
,10/15/2011,,,,,,,,,,,,,,,,,,,,,
,10/16/2011,,,,,,,,,,,,,,,,,,,,,
,10/17/2011,,,,,,,,,,,,,,,,,,,,,
,10/18/2011,,,,,,,,,,,,,,,,,,,,,
,10/19/2011,,,,,,,,,,,,,,,,,,,,,
,10/20/2011,,,,,,,,,,,,,,,,,,,,,
,10/21/2011,,,,,,,,,,,,,,,,,,,,,
,10/22/2011,,,,,,,,,,,,,,,,,,,,,
,10/23/2011,,,,,,,,,,,,,,,,,,,,,
,10/24/2011,,,,,,,,,,,,,,,,,,,,,
,10/25/2011,,,,,,,,,,,,,,,,,,,,,
,10/26/2011,,,,,,,,,,,,,,,,,,,,,
,10/27/2011,,,,,,,,,,,,,,,,,,,,,
,10/28/2011,,,,,,,,,,,,,,,,,,,,,
,10/29/2011,,,,,,,,,,,,,,,,,,,,,
,10/30/2011,,,,,,,,,,,,,,,,,,,,,
,10/31/2011,,,,,,,,,,,,,,,,,,,,,
,11/1/2011,,,,,,,,,,,,,,,,,,,,,
,11/2/2011,,,,,,,,,,,,,,,,,,,,,
,11/3/2011,,,,,,,,,,,,,,,,,,,,,
,11/4/2011,,,,,,,,,,,,,,,,,,,,,
,11/5/2011,,,,,,,,,,,,,,,,,,,,,
,11/6/2011,,,,,,,,,,,,,,,,,,,,,
,11/7/2011,,,,,,,,,,,,,,,,,,,,,
,11/8/2011,,,,,,,,,,,,,,,,,,,,,
,11/9/2011,,,,,,,,,,,,,,,,,,,,,
,11/10/2011,,,,,,,,,,,,,,,,,,,,,
,11/11/2011,,,,,,,,,,,,,,,,,,,,,
,11/12/2011,,,,,,,,,,,,,,,,,,,,,
,11/13/2011,,,,,,,,,,,,,,,,,,,,,
,11/14/2011,,,,,,,,,,,,,,,,,,,,,
,11/15/2011,,,,,,,,,,,,,,,,,,,,,
,11/16/2011,,,,,,,,,,,,,,,,,,,,,
,11/17/2011,,,,,,,,,,,,,,,,,,,,,
,11/18/2011,,,,,,,,,,,,,,,,,,,,,
,11/19/2011,,,,,,,,,,,,,,,,,,,,,
,11/20/2011,,,,,,,,,,,,,,,,,,,,,
,11/21/2011,,,,,,,,,,,,,,,,,,,,,
,11/22/2011,,,,,,,,,,,,,,,,,,,,,
,11/23/2011,,,,,,,,,,,,,,,,,,,,,
,11/24/2011,,,,,,,,,,,,,,,,,,,,,
,11/25/2011,,,,,,,,,,,,,,,,,,,,,
,11/26/2011,,,,,,,,,,,,,,,,,,,,,
,11/27/2011,,,,,,,,,,,,,,,,,,,,,
,11/28/2011,,,,,,,,,,,,,,,,,,,,,
,11/29/2011,,,,,,,,,,,,,,,,,,,,,
,11/30/2011,,,,,,,,,,,,,,,,,,,,,
,12/1/2011,,,,,,,,,,,,,,,,,,,,,
,12/2/2011,,,,,,,,,,,,,,,,,,,,,
,12/3/2011,,,,,,,,,,,,,,,,,,,,,
,12/4/2011,,,,,,,,,,,,,,,,,,,,,
,12/5/2011,,,,,,,,,,,,,,,,,,,,,
,12/6/2011,,,,,,,,,,,,,,,,,,,,,
,12/7/2011,,,,,,,,,,,,,,,,,,,,,
,12/8/2011,,,,,,,,,,,,,,,,,,,,,
,12/9/2011,,,,,,,,,,,,,,,,,,,,,
,12/10/2011,,,,,,,,,,,,,,,,,,,,,
,12/11/2011,,,,,,,,,,,,,,,,,,,,,
,12/12/2011,,,,,,,,,,,,,,,,,,,,,
,12/13/2011,,,,,,,,,,,,,,,,,,,,,
,12/14/2011,,,,,,,,,,,,,,,,,,,,,
,12/15/2011,,,,,,,,,,,,,,,,,,,,,
,12/16/2011,,,,,,,,,,,,,,,,,,,,,
,12/17/2011,,,,,,,,,,,,,,,,,,,,,
,12/18/2011,,,,,,,,,,,,,,,,,,,,,
,12/19/2011,,,,,,,,,,,,,,,,,,,,,
,12/20/2011,,,,,,,,,,,,,,,,,,,,,
,12/21/2011,,,,,,,,,,,,,,,,,,,,,
,12/22/2011,,,,,,,,,,,,,,,,,,,,,
,12/23/2011,,,,,,,,,,,,,,,,,,,,,
,12/24/2011,,,,,,,,,,,,,,,,,,,,,
,12/25/2011,,,,,,,,,,,,,,,,,,,,,
,12/26/2011,,,,,,,,,,,,,,,,,,,,,
,12/27/2011,,,,,,,,,,,,,,,,,,,,,
,12/28/2011,,,,,,,,,,,,,,,,,,,,,
,12/29/2011,,,,,,,,,,,,,,,,,,,,,
,12/30/2011,,,,,,,,,,,,,,,,,,,,,
,12/31/2011,,,,,,,,,,,,,,,,,,,,,
,1/1/2012,,,,,,,,,,,,,,,,,,,,,
,1/2/2012,,,,,,,,,,,,,,,,,,,,,
,1/3/2012,,,,,,,,,,,,,,,,,,,,,
,1/4/2012,,,,,,,,,,,,,,,,,,,,,
,1/5/2012,,,,,,,,,,,,,,,,,,,,,
,1/6/2012,,,,,,,,,,,,,,,,,,,,,
,1/7/2012,,,,,,,,,,,,,,,,,,,,,
,1/8/2012,,,,,,,,,,,,,,,,,,,,,
,1/9/2012,,,,,,,,,,,,,,,,,,,,,
,1/10/2012,,,,,,,,,,,,,,,,,,,,,
,1/11/2012,,,,,,,,,,,,,,,,,,,,,
,1/12/2012,,,,,,,,,,,,,,,,,,,,,
,1/13/2012,,,,,,,,,,,,,,,,,,,,,
,1/14/2012,,,,,,,,,,,,,,,,,,,,,
,1/15/2012,,,,,,,,,,,,,,,,,,,,,
,1/16/2012,,,,,,,,,,,,,,,,,,,,,
,1/17/2012,,,,,,,,,,,,,,,,,,,,,
,1/18/2012,,,,,,,,,,,,,,,,,,,,,
,1/19/2012,,,,,,,,,,,,,,,,,,,,,
,1/20/2012,,,,,,,,,,,,,,,,,,,,,
,1/21/2012,,,,,,,,,,,,,,,,,,,,,
,1/22/2012,,,,,,,,,,,,,,,,,,,,,
,1/23/2012,,,,,,,,,,,,,,,,,,,,,
,1/24/2012,,,,,,,,,,,,,,,,,,,,,
,1/25/2012,,,,,,,,,,,,,,,,,,,,,
,1/26/2012,,,,,,,,,,,,,,,,,,,,,
,1/27/2012,,,,,,,,,,,,,,,,,,,,,
,1/28/2012,,,,,,,,,,,,,,,,,,,,,
,1/29/2012,,,,,,,,,,,,,,,,,,,,,
,1/30/2012,,,,,,,,,,,,,,,,,,,,,
,1/31/2012,,,,,,,,,,,,,,,,,,,,,
,2/1/2012,,,,,,,,,,,,,,,,,,,,,
,2/2/2012,,,,,,,,,,,,,,,,,,,,,
,2/3/2012,,,,,,,,,,,,,,,,,,,,,
,2/4/2012,,,,,,,,,,,,,,,,,,,,,
,2/5/2012,,,,,,,,,,,,,,,,,,,,,
,2/6/2012,,,,,,,,,,,,,,,,,,,,,
,2/7/2012,,,,,,,,,,,,,,,,,,,,,
,2/8/2012,,,,,,,,,,,,,,,,,,,,,
,2/9/2012,,,,,,,,,,,,,,,,,,,,,
,2/10/2012,,,,,,,,,,,,,,,,,,,,,
,2/11/2012,,,,,,,,,,,,,,,,,,,,,
,2/12/2012,,,,,,,,,,,,,,,,,,,,,
,2/13/2012,,,,,,,,,,,,,,,,,,,,,
,2/14/2012,,,,,,,,,,,,,,,,,,,,,
,2/15/2012,,,,,,,,,,,,,,,,,,,,,
,2/16/2012,,,,,,,,,,,,,,,,,,,,,
,2/17/2012,,,,,,,,,,,,,,,,,,,,,
,2/18/2012,,,,,,,,,,,,,,,,,,,,,
,2/19/2012,,,,,,,,,,,,,,,,,,,,,
,2/20/2012,,,,,,,,,,,,,,,,,,,,,
,2/21/2012,,,,,,,,,,,,,,,,,,,,,
,2/22/2012,,,,,,,,,,,,,,,,,,,,,
,2/23/2012,,,,,,,,,,,,,,,,,,,,,
,2/24/2012,,,,,,,,,,,,,,,,,,,,,
,2/25/2012,,,,,,,,,,,,,,,,,,,,,
,2/26/2012,,,,,,,,,,,,,,,,,,,,,
,2/27/2012,,,,,,,,,,,,,,,,,,,,,
,2/28/2012,,,,,,,,,,,,,,,,,,,,,
,2/29/2012,,,,,,,,,,,,,,,,,,,,,
,3/1/2012,,,,,,,,,,,,,,,,,,,,,
,3/2/2012,,,,,,,,,,,,,,,,,,,,,
,3/3/2012,,,,,,,,,,,,,,,,,,,,,
,3/4/2012,,,,,,,,,,,,,,,,,,,,,
,3/5/2012,,,,,,,,,,,,,,,,,,,,,
,3/6/2012,,,,,,,,,,,,,,,,,,,,,
,3/7/2012,,,,,,,,,,,,,,,,,,,,,
,3/8/2012,,,,,,,,,,,,,,,,,,,,,
,3/9/2012,,,,,,,,,,,,,,,,,,,,,
,3/10/2012,,,,,,,,,,,,,,,,,,,,,
,3/11/2012,,,,,,,,,,,,,,,,,,,,,
,3/12/2012,,,,,,,,,,,,,,,,,,,,,
,3/13/2012,,,,,,,,,,,,,,,,,,,,,
,3/14/2012,,,,,,,,,,,,,,,,,,,,,
,3/15/2012,,,,,,,,,,,,,,,,,,,,,
,3/16/2012,,,,,,,,,,,,,,,,,,,,,
,3/17/2012,,,,,,,,,,,,,,,,,,,,,
,3/18/2012,,,,,,,,,,,,,,,,,,,,,
,3/19/2012,,,,,,,,,,,,,,,,,,,,,
,3/20/2012,,,,,,,,,,,,,,,,,,,,,
,3/21/2012,,,,,,,,,,,,,,,,,,,,,
,3/22/2012,,,,,,,,,,,,,,,,,,,,,
,3/23/2012,,,,,,,,,,,,,,,,,,,,,
,3/24/2012,,,,,,,,,,,,,,,,,,,,,
,3/25/2012,,,,,,,,,,,,,,,,,,,,,
,3/26/2012,,,,,,,,,,,,,,,,,,,,,
,3/27/2012,,,,,,,,,,,,,,,,,,,,,
,3/28/2012,,,,,,,,,,,,,,,,,,,,,
,3/29/2012,,,,,,,,,,,,,,,,,,,,,
,3/30/2012,,,,,,,,,,,,,,,,,,,,,
,3/31/2012,,,,,,,,,,,,,,,,,,,,,
,4/1/2012,,,,,,,,,,,,,,,,,,,,,
,4/2/2012,,,,,,,,,,,,,,,,,,,,,
,4/3/2012,,,,,,,,,,,,,,,,,,,,,
,4/4/2012,,,,,,,,,,,,,,,,,,,,,
,4/5/2012,,,,,,,,,,,,,,,,,,,,,
,4/6/2012,,,,,,,,,,,,,,,,,,,,,
,4/7/2012,,,,,,,,,,,,,,,,,,,,,
,4/8/2012,,,,,,,,,,,,,,,,,,,,,
,4/9/2012,,,,,,,,,,,,,,,,,,,,,
,4/10/2012,,,,,,,,,,,,,,,,,,,,,
,4/11/2012,,,,,,,,,,,,,,,,,,,,,
,4/12/2012,,,,,,,,,,,,,,,,,,,,,
,4/13/2012,,,,,,,,,,,,,,,,,,,,,
,4/14/2012,,,,,,,,,,,,,,,,,,,,,
,4/15/2012,,,,,,,,,,,,,,,,,,,,,
,4/16/2012,,,,,,,,,,,,,,,,,,,,,
,4/17/2012,,,,,,,,,,,,,,,,,,,,,
,4/18/2012,,,,,,,,,,,,,,,,,,,,,
,4/19/2012,,,,,,,,,,,,,,,,,,,,,
,4/20/2012,,,,,,,,,,,,,,,,,,,,,
,4/21/2012,,,,,,,,,,,,,,,,,,,,,
,4/22/2012,,,,,,,,,,,,,,,,,,,,,
,4/23/2012,,,,,,,,,,,,,,,,,,,,,
,4/24/2012,,,,,,,,,,,,,,,,,,,,,
,4/25/2012,,,,,,,,,,,,,,,,,,,,,
,4/26/2012,,,,,,,,,,,,,,,,,,,,,
,4/27/2012,,,,,,,,,,,,,,,,,,,,,
,4/28/2012,,,,,,,,,,,,,,,,,,,,,
,4/29/2012,,,,,,,,,,,,,,,,,,,,,
,4/30/2012,,,,,,,,,,,,,,,,,,,,,
,5/1/2012,,,,,,,,,,,,,,,,,,,,,
,5/2/2012,,,,,,,,,,,,,,,,,,,,,
,5/3/2012,,,,,,,,,,,,,,,,,,,,,
,5/4/2012,,,,,,,,,,,,,,,,,,,,,
,5/5/2012,,,,,,,,,,,,,,,,,,,,,
,5/6/2012,,,,,,,,,,,,,,,,,,,,,
,5/7/2012,,,,,,,,,,,,,,,,,,,,,
,5/8/2012,,,,,,,,,,,,,,,,,,,,,
,5/9/2012,,,,,,,,,,,,,,,,,,,,,
,5/10/2012,,,,,,,,,,,,,,,,,,,,,
,5/11/2012,,,,,,,,,,,,,,,,,,,,,
,5/12/2012,,,,,,,,,,,,,,,,,,,,,
,5/13/2012,,,,,,,,,,,,,,,,,,,,,
,5/14/2012,,,,,,,,,,,,,,,,,,,,,
,5/15/2012,,,,,,,,,,,,,,,,,,,,,
,5/16/2012,,,,,,,,,,,,,,,,,,,,,
,5/17/2012,,,,,,,,,,,,,,,,,,,,,
,5/18/2012,,,,,,,,,,,,,,,,,,,,,
,5/19/2012,,,,,,,,,,,,,,,,,,,,,
,5/20/2012,,,,,,,,,,,,,,,,,,,,,
,5/21/2012,,,,,,,,,,,,,,,,,,,,,
,5/22/2012,,,,,,,,,,,,,,,,,,,,,
,5/23/2012,,,,,,,,,,,,,,,,,,,,,
,5/24/2012,,,,,,,,,,,,,,,,,,,,,
,5/25/2012,,,,,,,,,,,,,,,,,,,,,
,5/26/2012,,,,,,,,,,,,,,,,,,,,,
,5/27/2012,,,,,,,,,,,,,,,,,,,,,
,5/28/2012,,,,,,,,,,,,,,,,,,,,,
,5/29/2012,,,,,,,,,,,,,,,,,,,,,
,5/30/2012,,,,,,,,,,,,,,,,,,,,,
,5/31/2012,,,,,,,,,,,,,,,,,,,,,
,6/1/2012,,,,,,,,,,,,,,,,,,,,,
,6/2/2012,,,,,,,,,,,,,,,,,,,,,
,6/3/2012,,,,,,,,,,,,,,,,,,,,,
,6/4/2012,,,,,,,,,,,,,,,,,,,,,
,6/5/2012,,,,,,,,,,,,,,,,,,,,,
,6/6/2012,,,,,,,,,,,,,,,,,,,,,
,6/7/2012,,,,,,,,,,,,,,,,,,,,,
,6/8/2012,,,,,,,,,,,,,,,,,,,,,
,6/9/2012,,,,,,,,,,,,,,,,,,,,,
,6/10/2012,,,,,,,,,,,,,,,,,,,,,
,6/11/2012,,,,,,,,,,,,,,,,,,,,,
,6/12/2012,,,,,,,,,,,,,,,,,,,,,
,6/13/2012,,,,,,,,,,,,,,,,,,,,,
,6/14/2012,,,,,,,,,,,,,,,,,,,,,
,6/15/2012,,,,,,,,,,,,,,,,,,,,,
,6/16/2012,,,,,,,,,,,,,,,,,,,,,
,6/17/2012,,,,,,,,,,,,,,,,,,,,,
,6/18/2012,,,,,,,,,,,,,,,,,,,,,
,6/19/2012,,,,,,,,,,,,,,,,,,,,,
,6/20/2012,,,,,,,,,,,,,,,,,,,,,
,6/21/2012,,,,,,,,,,,,,,,,,,,,,
,6/22/2012,,,,,,,,,,,,,,,,,,,,,
,6/23/2012,,,,,,,,,,,,,,,,,,,,,
,6/24/2012,,,,,,,,,,,,,,,,,,,,,
,6/25/2012,,,,,,,,,,,,,,,,,,,,,
,6/26/2012,,,,,,,,,,,,,,,,,,,,,
,6/27/2012,,,,,,,,,,,,,,,,,,,,,
,6/28/2012,,,,,,,,,,,,,,,,,,,,,
,6/29/2012,,,,,,,,,,,,,,,,,,,,,
,6/30/2012,,,,,,,,,,,,,,,,,,,,,
,7/1/2012,,,,,,,,,,,,,,,,,,,,,
,7/2/2012,,,,,,,,,,,,,,,,,,,,,
,7/3/2012,,,,,,,,,,,,,,,,,,,,,
,7/4/2012,,,,,,,,,,,,,,,,,,,,,
,7/5/2012,,,,,,,,,,,,,,,,,,,,,
,7/6/2012,,,,,,,,,,,,,,,,,,,,,
,7/7/2012,,,,,,,,,,,,,,,,,,,,,
,7/8/2012,,,,,,,,,,,,,,,,,,,,,
,7/9/2012,,,,,,,,,,,,,,,,,,,,,
,7/10/2012,,,,,,,,,,,,,,,,,,,,,
,7/11/2012,,,,,,,,,,,,,,,,,,,,,
,7/12/2012,,,,,,,,,,,,,,,,,,,,,
,7/13/2012,,,,,,,,,,,,,,,,,,,,,
,7/14/2012,,,,,,,,,,,,,,,,,,,,,
,7/15/2012,,,,,,,,,,,,,,,,,,,,,
,7/16/2012,,,,,,,,,,,,,,,,,,,,,
,7/17/2012,,,,,,,,,,,,,,,,,,,,,
,7/18/2012,,,,,,,,,,,,,,,,,,,,,
,7/19/2012,,,,,,,,,,,,,,,,,,,,,
,7/20/2012,,,,,,,,,,,,,,,,,,,,,
,7/21/2012,,,,,,,,,,,,,,,,,,,,,
,7/22/2012,,,,,,,,,,,,,,,,,,,,,
,7/23/2012,,,,,,,,,,,,,,,,,,,,,
,7/24/2012,,,,,,,,,,,,,,,,,,,,,
,7/25/2012,,,,,,,,,,,,,,,,,,,,,
,7/26/2012,,,,,,,,,,,,,,,,,,,,,
,7/27/2012,,,,,,,,,,,,,,,,,,,,,
,7/28/2012,,,,,,,,,,,,,,,,,,,,,
,7/29/2012,,,,,,,,,,,,,,,,,,,,,
,7/30/2012,,,,,,,,,,,,,,,,,,,,,
,7/31/2012,,,,,,,,,,,,,,,,,,,,,
,8/1/2012,,,,,,,,,,,,,,,,,,,,,
,8/2/2012,,,,,,,,,,,,,,,,,,,,,
,8/3/2012,,,,,,,,,,,,,,,,,,,,,
,8/4/2012,,,,,,,,,,,,,,,,,,,,,
,8/5/2012,,,,,,,,,,,,,,,,,,,,,
,8/6/2012,,,,,,,,,,,,,,,,,,,,,
,8/7/2012,,,,,,,,,,,,,,,,,,,,,
,8/8/2012,,,,,,,,,,,,,,,,,,,,,
,8/9/2012,,,,,,,,,,,,,,,,,,,,,
,8/10/2012,,,,,,,,,,,,,,,,,,,,,
,8/11/2012,,,,,,,,,,,,,,,,,,,,,
,8/12/2012,,,,,,,,,,,,,,,,,,,,,
,8/13/2012,,,,,,,,,,,,,,,,,,,,,
,8/14/2012,,,,,,,,,,,,,,,,,,,,,
,8/15/2012,,,,,,,,,,,,,,,,,,,,,
,8/16/2012,,,,,,,,,,,,,,,,,,,,,
,8/17/2012,,,,,,,,,,,,,,,,,,,,,
,8/18/2012,,,,,,,,,,,,,,,,,,,,,
,8/19/2012,,,,,,,,,,,,,,,,,,,,,
,8/20/2012,,,,,,,,,,,,,,,,,,,,,
,8/21/2012,,,,,,,,,,,,,,,,,,,,,
,8/22/2012,,,,,,,,,,,,,,,,,,,,,
,8/23/2012,,,,,,,,,,,,,,,,,,,,,
,8/24/2012,,,,,,,,,,,,,,,,,,,,,
,8/25/2012,,,,,,,,,,,,,,,,,,,,,
,8/26/2012,,,,,,,,,,,,,,,,,,,,,
,8/27/2012,,,,,,,,,,,,,,,,,,,,,
,8/28/2012,,,,,,,,,,,,,,,,,,,,,
,8/29/2012,,,,,,,,,,,,,,,,,,,,,
,8/30/2012,,,,,,,,,,,,,,,,,,,,,
,8/31/2012,,,,,,,,,,,,,,,,,,,,,
,9/1/2012,,,,,,,,,,,,,,,,,,,,,
,9/2/2012,,,,,,,,,,,,,,,,,,,,,
,9/3/2012,,,,,,,,,,,,,,,,,,,,,
,9/4/2012,,,,,,,,,,,,,,,,,,,,,
,9/5/2012,,,,,,,,,,,,,,,,,,,,,
,9/6/2012,,,,,,,,,,,,,,,,,,,,,
,9/7/2012,,,,,,,,,,,,,,,,,,,,,
,9/8/2012,,,,,,,,,,,,,,,,,,,,,
,9/9/2012,,,,,,,,,,,,,,,,,,,,,
,9/10/2012,,,,,,,,,,,,,,,,,,,,,
,9/11/2012,,,,,,,,,,,,,,,,,,,,,
,9/12/2012,,,,,,,,,,,,,,,,,,,,,
,9/13/2012,,,,,,,,,,,,,,,,,,,,,
,9/14/2012,,,,,,,,,,,,,,,,,,,,,
,9/15/2012,,,,,,,,,,,,,,,,,,,,,
,9/16/2012,,,,,,,,,,,,,,,,,,,,,
,9/17/2012,,,,,,,,,,,,,,,,,,,,,
,9/18/2012,,,,,,,,,,,,,,,,,,,,,
,9/19/2012,,,,,,,,,,,,,,,,,,,,,
,9/20/2012,,,,,,,,,,,,,,,,,,,,,
,9/21/2012,,,,,,,,,,,,,,,,,,,,,
,9/22/2012,,,,,,,,,,,,,,,,,,,,,
,9/23/2012,,,,,,,,,,,,,,,,,,,,,
,9/24/2012,,,,,,,,,,,,,,,,,,,,,
,9/25/2012,,,,,,,,,,,,,,,,,,,,,
,9/26/2012,,,,,,,,,,,,,,,,,,,,,
,9/27/2012,,,,,,,,,,,,,,,,,,,,,
,9/28/2012,,,,,,,,,,,,,,,,,,,,,
,9/29/2012,,,,,,,,,,,,,,,,,,,,,
,9/30/2012,,,,,,,,,,,,,,,,,,,,,
,10/1/2012,,,,,,,,,,,,,,,,,,,,,
,10/2/2012,,,,,,,,,,,,,,,,,,,,,
,10/3/2012,,,,,,,,,,,,,,,,,,,,,
,10/4/2012,,,,,,,,,,,,,,,,,,,,,
,10/5/2012,,,,,,,,,,,,,,,,,,,,,
,10/6/2012,,,,,,,,,,,,,,,,,,,,,
,10/7/2012,,,,,,,,,,,,,,,,,,,,,
,10/8/2012,,,,,,,,,,,,,,,,,,,,,
,10/9/2012,,,,,,,,,,,,,,,,,,,,,
,10/10/2012,,,,,,,,,,,,,,,,,,,,,
,10/11/2012,,,,,,,,,,,,,,,,,,,,,
,10/12/2012,,,,,,,,,,,,,,,,,,,,,
,10/13/2012,,,,,,,,,,,,,,,,,,,,,
,10/14/2012,,,,,,,,,,,,,,,,,,,,,
,10/15/2012,,,,,,,,,,,,,,,,,,,,,
,10/16/2012,,,,,,,,,,,,,,,,,,,,,
,10/17/2012,,,,,,,,,,,,,,,,,,,,,
,10/18/2012,,,,,,,,,,,,,,,,,,,,,
,10/19/2012,,,,,,,,,,,,,,,,,,,,,
,10/20/2012,,,,,,,,,,,,,,,,,,,,,
,10/21/2012,,,,,,,,,,,,,,,,,,,,,
,10/22/2012,,,,,,,,,,,,,,,,,,,,,
,10/23/2012,,,,,,,,,,,,,,,,,,,,,
,10/24/2012,,,,,,,,,,,,,,,,,,,,,
,10/25/2012,,,,,,,,,,,,,,,,,,,,,
,10/26/2012,,,,,,,,,,,,,,,,,,,,,
,10/27/2012,,,,,,,,,,,,,,,,,,,,,
,10/28/2012,,,,,,,,,,,,,,,,,,,,,
,10/29/2012,,,,,,,,,,,,,,,,,,,,,
,10/30/2012,,,,,,,,,,,,,,,,,,,,,
,10/31/2012,,,,,,,,,,,,,,,,,,,,,
,11/1/2012,,,,,,,,,,,,,,,,,,,,,
,11/2/2012,,,,,,,,,,,,,,,,,,,,,
,11/3/2012,,,,,,,,,,,,,,,,,,,,,
,11/4/2012,,,,,,,,,,,,,,,,,,,,,
,11/5/2012,,,,,,,,,,,,,,,,,,,,,
,11/6/2012,,,,,,,,,,,,,,,,,,,,,
,11/7/2012,,,,,,,,,,,,,,,,,,,,,
,11/8/2012,,,,,,,,,,,,,,,,,,,,,
,11/9/2012,,,,,,,,,,,,,,,,,,,,,
,11/10/2012,,,,,,,,,,,,,,,,,,,,,
,11/11/2012,,,,,,,,,,,,,,,,,,,,,
,11/12/2012,,,,,,,,,,,,,,,,,,,,,
,11/13/2012,,,,,,,,,,,,,,,,,,,,,
,11/14/2012,,,,,,,,,,,,,,,,,,,,,
,11/15/2012,,,,,,,,,,,,,,,,,,,,,
,11/16/2012,,,,,,,,,,,,,,,,,,,,,
,11/17/2012,,,,,,,,,,,,,,,,,,,,,
,11/18/2012,,,,,,,,,,,,,,,,,,,,,
,11/19/2012,,,,,,,,,,,,,,,,,,,,,
,11/20/2012,,,,,,,,,,,,,,,,,,,,,
,11/21/2012,,,,,,,,,,,,,,,,,,,,,
,11/22/2012,,,,,,,,,,,,,,,,,,,,,
,11/23/2012,,,,,,,,,,,,,,,,,,,,,
,11/24/2012,,,,,,,,,,,,,,,,,,,,,
,11/25/2012,,,,,,,,,,,,,,,,,,,,,
,11/26/2012,,,,,,,,,,,,,,,,,,,,,
,11/27/2012,,,,,,,,,,,,,,,,,,,,,
,11/28/2012,,,,,,,,,,,,,,,,,,,,,
,11/29/2012,,,,,,,,,,,,,,,,,,,,,
,11/30/2012,,,,,,,,,,,,,,,,,,,,,
,12/1/2012,,,,,,,,,,,,,,,,,,,,,
,12/2/2012,,,,,,,,,,,,,,,,,,,,,
,12/3/2012,,,,,,,,,,,,,,,,,,,,,
,12/4/2012,,,,,,,,,,,,,,,,,,,,,
,12/5/2012,,,,,,,,,,,,,,,,,,,,,
,12/6/2012,,,,,,,,,,,,,,,,,,,,,
,12/7/2012,,,,,,,,,,,,,,,,,,,,,
,12/8/2012,,,,,,,,,,,,,,,,,,,,,
,12/9/2012,,,,,,,,,,,,,,,,,,,,,
,12/10/2012,,,,,,,,,,,,,,,,,,,,,
,12/11/2012,,,,,,,,,,,,,,,,,,,,,
,12/12/2012,,,,,,,,,,,,,,,,,,,,,
,12/13/2012,,,,,,,,,,,,,,,,,,,,,
,12/14/2012,,,,,,,,,,,,,,,,,,,,,
,12/15/2012,,,,,,,,,,,,,,,,,,,,,
,12/16/2012,,,,,,,,,,,,,,,,,,,,,
,12/17/2012,,,,,,,,,,,,,,,,,,,,,
,12/18/2012,,,,,,,,,,,,,,,,,,,,,
,12/19/2012,,,,,,,,,,,,,,,,,,,,,
,12/20/2012,,,,,,,,,,,,,,,,,,,,,
,12/21/2012,,,,,,,,,,,,,,,,,,,,,
,12/22/2012,,,,,,,,,,,,,,,,,,,,,
,12/23/2012,,,,,,,,,,,,,,,,,,,,,
,12/24/2012,,,,,,,,,,,,,,,,,,,,,
,12/25/2012,,,,,,,,,,,,,,,,,,,,,
,12/26/2012,,,,,,,,,,,,,,,,,,,,,
,12/27/2012,,,,,,,,,,,,,,,,,,,,,
,12/28/2012,,,,,,,,,,,,,,,,,,,,,
,12/29/2012,,,,,,,,,,,,,,,,,,,,,
,12/30/2012,,,,,,,,,,,,,,,,,,,,,
,12/31/2012,,,,,,,,,,,,,,,,,,,,,